timestamp,sample_count,f0,f1,f2,f3,f4,f5,f6,f7,f8,f9
1776940423.4029605,2000,-11.372249603271484,-11.344106674194336,-11.529743194580078,-11.200542449951172,-12.39657211303711,-11.170026779174805,-11.264547348022461,-11.376174926757812,-11.118083000183105,-12.302247047424316
1776940424.4034479,2500,-11.368783950805664,-11.457622528076172,-11.504777908325195,-11.21216869354248,-12.39657211303711,-11.225030899047852,-11.373080253601074,-11.37211799621582,-11.129487991333008,-12.323756217956543
1776940425.4029455,3000,-11.399727821350098,-11.52734375,-11.527412414550781,-11.218738555908203,-12.379551887512207,-11.29153823852539,-11.436861991882324,-11.408283233642578,-11.138809204101562,-12.291966438293457
1776940426.4028234,3500,-11.415363311767578,-11.562661170959473,-11.501457214355469,-11.214320182800293,-12.36075496673584,-11.34024715423584,-11.479928016662598,-11.382651329040527,-11.135636329650879,-12.266336441040039
1776940427.4028647,4000,-11.364001274108887,-11.498213768005371,-11.471073150634766,-11.239297866821289,-12.344793319702148,-11.304282188415527,-11.412513732910156,-11.346441268920898,-11.162518501281738,-12.244959831237793
1776940428.4030452,4500,-11.350616455078125,-11.468901634216309,-11.42046070098877,-11.250792503356934,-12.259747505187988,-11.313555717468262,-11.376531600952148,-11.295858383178711,-11.176438331604004,-12.15951156616211
1776940429.4031608,5000,-11.327964782714844,-11.374316215515137,-11.380964279174805,-11.24569034576416,-12.187585830688477,-11.27746295928955,-11.278607368469238,-11.248461723327637,-11.175328254699707,-12.07716178894043
1776940430.4032643,5500,-11.264017105102539,-11.266304016113281,-11.331563949584961,-11.240621566772461,-12.126115798950195,-11.19173526763916,-11.165616989135742,-11.181595802307129,-11.174626350402832,-12.016748428344727
1776940431.4029953,6000,-11.261495590209961,-11.194770812988281,-11.349458694458008,-11.248690605163574,-12.059793472290039,-11.153241157531738,-11.079755783081055,-11.189253807067871,-11.186286926269531,-11.948385238647461
1776940432.403189,6500,-11.343670845031738,-11.208246231079102,-11.382349014282227,-11.239356994628906,-12.053567886352539,-11.218401908874512,-11.090692520141602,-11.220451354980469,-11.181293487548828,-11.932718276977539
1776940433.402933,7000,-11.348161697387695,-11.236445426940918,-11.410944938659668,-11.24620246887207,-12.091744422912598,-11.227521896362305,-11.114450454711914,-11.24821949005127,-11.189457893371582,-11.955804824829102
1776940434.402772,7500,-11.374269485473633,-11.28433895111084,-11.453104972839355,-11.264263153076172,-12.119451522827148,-11.256211280822754,-11.157045364379883,-11.289932250976562,-11.205049514770508,-11.97062873840332
1776940435.4029884,8000,-11.417750358581543,-11.329477310180664,-11.464651107788086,-11.279397964477539,-12.164297103881836,-11.294281005859375,-11.20181941986084,-11.315381050109863,-11.219230651855469,-12.006365776062012
1776940436.4032297,8500,-11.403406143188477,-11.350347518920898,-11.409974098205566,-11.286849975585938,-12.221794128417969,-11.276594161987305,-11.223653793334961,-11.276864051818848,-11.228918075561523,-12.052628517150879
1776940437.4030724,9000,-11.398836135864258,-11.416475296020508,-11.332125663757324,-11.30773639678955,-12.238371849060059,-11.25504207611084,-11.291956901550293,-11.218008041381836,-11.254827499389648,-12.074201583862305
1776940438.4031441,9500,-11.45323657989502,-11.457674026489258,-11.251791000366211,-11.32243537902832,-12.274009704589844,-11.317949295043945,-11.337483406066895,-11.15222454071045,-11.278564453125,-12.114397048950195
1776940439.4031432,10000,-11.44589900970459,-11.497831344604492,-11.15452766418457,-11.33205509185791,-12.304615020751953,-11.319413185119629,-11.39020824432373,-11.064879417419434,-11.296242713928223,-12.151179313659668
1776940440.403027,10500,-11.442237854003906,-11.51901626586914,-11.089567184448242,-11.356270790100098,-12.329229354858398,-11.333980560302734,-11.418601989746094,-11.000861167907715,-11.320808410644531,-12.186805725097656
1776940441.4027774,11000,-11.380685806274414,-11.502799034118652,-11.075727462768555,-11.391252517700195,-12.356497764587402,-11.295965194702148,-11.404812812805176,-10.976353645324707,-11.350075721740723,-12.227598190307617
1776940442.4029267,11500,-11.307310104370117,-11.429882049560547,-11.11693286895752,-11.409963607788086,-12.369271278381348,-11.246783256530762,-11.330866813659668,-11.009387016296387,-11.358255386352539,-12.253096580505371
1776940443.4030006,12000,-11.211220741271973,-11.385653495788574,-11.197733879089355,-11.453739166259766,-12.380501747131348,-11.143636703491211,-11.284788131713867,-11.097990036010742,-11.393000602722168,-12.276689529418945
1776940444.403067,12500,-11.209877014160156,-11.362344741821289,-11.303041458129883,-11.490839004516602,-12.3943510055542,-11.16077709197998,-11.256523132324219,-11.218145370483398,-11.424047470092773,-12.300189971923828
1776940445.4031146,13000,-11.182466506958008,-11.337804794311523,-11.353169441223145,-11.493471145629883,-12.343851089477539,-11.167116165161133,-11.238069534301758,-11.272378921508789,-11.428648948669434,-12.254251480102539
1776940446.403212,13500,-11.187459945678711,-11.303561210632324,-11.324857711791992,-11.453475952148438,-12.286393165588379,-11.197359085083008,-11.206319808959961,-11.25986099243164,-11.399398803710938,-12.206236839294434
1776940447.4032824,14000,-11.172868728637695,-11.25901985168457,-11.25538158416748,-11.406977653503418,-12.231761932373047,-11.192660331726074,-11.164464950561523,-11.200048446655273,-11.36154556274414,-12.153958320617676
1776940448.4032495,14500,-11.156041145324707,-11.207504272460938,-11.148255348205566,-11.340105056762695,-12.162830352783203,-11.185009956359863,-11.114891052246094,-11.092010498046875,-11.300468444824219,-12.086119651794434
1776940449.4031773,15000,-11.083818435668945,-11.139076232910156,-11.01795482635498,-11.29015064239502,-12.136470794677734,-11.102302551269531,-11.037748336791992,-10.960103034973145,-11.255891799926758,-12.055509567260742
1776940450.428819,15500,-11.065075874328613,-11.036258697509766,-10.945413589477539,-11.28816032409668,-12.163484573364258,-11.06682300567627,-10.9275484085083,-10.891179084777832,-11.246749877929688,-12.07227897644043
1776940451.403034,16000,-11.085546493530273,-10.984033584594727,-10.918620109558105,-11.327878952026367,-12.19550609588623,-11.063551902770996,-10.87474536895752,-10.86429214477539,-11.276251792907715,-12.089910507202148
1776940452.4032466,16500,-11.073029518127441,-10.955924034118652,-10.906846046447754,-11.362249374389648,-12.239628791809082,-11.035243034362793,-10.848172187805176,-10.849157333374023,-11.30246353149414,-12.116277694702148
1776940453.40313,17000,-10.99227237701416,-10.945090293884277,-10.931204795837402,-11.389566421508789,-12.306679725646973,-10.935919761657715,-10.844274520874023,-10.87153148651123,-11.31873893737793,-12.162110328674316
1776940454.4031668,17500,-10.99865436553955,-11.03242015838623,-10.988889694213867,-11.40937614440918,-12.313618659973145,-10.934556007385254,-10.934728622436523,-10.92558479309082,-11.327855110168457,-12.153196334838867
1776940455.4032197,18000,-11.008617401123047,-11.164017677307129,-11.038093566894531,-11.368597984313965,-12.324310302734375,-10.930135726928711,-11.056459426879883,-10.969778060913086,-11.289799690246582,-12.152832984924316
1776940456.403002,18500,-10.99909496307373,-11.292935371398926,-11.110461235046387,-11.307467460632324,-12.333541870117188,-10.920424461364746,-11.170122146606445,-11.036741256713867,-11.23274040222168,-12.157155990600586
1776940457.4032633,19000,-11.000977516174316,-11.385309219360352,-11.17260456085205,-11.257036209106445,-12.329782485961914,-10.930288314819336,-11.25220012664795,-11.10543155670166,-11.186572074890137,-12.154818534851074
1776940458.403051,19500,-11.086487770080566,-11.451815605163574,-11.196803092956543,-11.21458911895752,-12.326606750488281,-11.034914016723633,-11.309672355651855,-11.137370109558105,-11.152331352233887,-12.160712242126465
1776940459.4028723,20000,-11.1157865524292,-11.394988059997559,-11.171894073486328,-11.201696395874023,-12.346027374267578,-11.076906204223633,-11.262351989746094,-11.120796203613281,-11.14733600616455,-12.194295883178711
1776940460.4031572,20500,-11.105111122131348,-11.316180229187012,-11.148508071899414,-11.241226196289062,-12.361042976379395,-11.071916580200195,-11.205193519592285,-11.110342979431152,-11.1892671585083,-12.228715896606445
1776940461.4031854,21000,-11.123762130737305,-11.261430740356445,-11.111552238464355,-11.278712272644043,-12.377246856689453,-11.094171524047852,-11.181596755981445,-11.084948539733887,-11.226984024047852,-12.267416000366211
1776940462.4029758,21500,-11.143399238586426,-11.246894836425781,-11.07864761352539,-11.304154396057129,-12.391515731811523,-11.120796203613281,-11.186788558959961,-11.048727035522461,-11.250195503234863,-12.311681747436523
1776940463.4030952,22000,-11.124606132507324,-11.234657287597656,-11.075818061828613,-11.319128036499023,-12.39657211303711,-11.10704231262207,-11.183679580688477,-11.034418106079102,-11.255636215209961,-12.345234870910645
1776940464.4031482,22500,-11.13786506652832,-11.2481050491333,-11.039751052856445,-11.297313690185547,-12.39657211303711,-11.124593734741211,-11.191072463989258,-10.986550331115723,-11.225507736206055,-12.368677139282227
1776940465.4233143,23000,-11.191741943359375,-11.290959358215332,-11.007919311523438,-11.263998031616211,-12.39657211303711,-11.190649032592773,-11.222047805786133,-10.9480619430542,-11.18368148803711,-12.38647747039795
1776940466.40306,23500,-11.208995819091797,-11.286787033081055,-10.968793869018555,-11.252837181091309,-12.39657211303711,-11.209965705871582,-11.20967960357666,-10.905485153198242,-11.166635513305664,-12.39657211303711
1776940467.403292,24000,-11.237238883972168,-11.368064880371094,-10.949308395385742,-11.2582426071167,-12.39657211303711,-11.244335174560547,-11.280679702758789,-10.89102554321289,-11.170944213867188,-12.38673210144043
1776940468.403309,24500,-11.3074312210083,-11.433961868286133,-10.95536994934082,-11.271327018737793,-12.39657211303711,-11.325369834899902,-11.339286804199219,-10.906067848205566,-11.189255714416504,-12.37031078338623
1776940469.4031324,25000,-11.346457481384277,-11.492416381835938,-11.025705337524414,-11.302504539489746,-12.39657211303711,-11.373539924621582,-11.39316177368164,-10.985505104064941,-11.220873832702637,-12.351566314697266
1776940470.4029894,25500,-11.437301635742188,-11.538859367370605,-11.08839225769043,-11.315374374389648,-12.39657211303711,-11.460406303405762,-11.443852424621582,-11.03674602508545,-11.235214233398438,-12.33315372467041
1776940471.4028904,26000,-11.529714584350586,-11.546266555786133,-11.107057571411133,-11.306783676147461,-12.39657211303711,-11.58070182800293,-11.457257270812988,-11.042495727539062,-11.224979400634766,-12.323758125305176
1776940472.4034076,26500,-11.568674087524414,-11.461044311523438,-11.112638473510742,-11.278111457824707,-12.39657211303711,-11.592306137084961,-11.386685371398926,-11.031179428100586,-11.191961288452148,-12.328039169311523
1776940473.4032605,27000,-11.567427635192871,-11.3901948928833,-11.081677436828613,-11.249624252319336,-12.39657211303711,-11.550773620605469,-11.323583602905273,-10.980764389038086,-11.160116195678711,-12.344460487365723
1776940474.403311,27500,-11.52335262298584,-11.314214706420898,-11.059748649597168,-11.217674255371094,-12.39657211303711,-11.481036186218262,-11.260530471801758,-10.95373249053955,-11.130331039428711,-12.363205909729004
1776940475.4028773,28000,-11.433242797851562,-11.307781219482422,-11.069732666015625,-11.218049049377441,-12.39657211303711,-11.364201545715332,-11.24468994140625,-10.98366928100586,-11.132061958312988,-12.367694854736328
1776940476.4028559,28500,-11.37589168548584,-11.361618041992188,-11.186445236206055,-11.24158763885498,-12.392549514770508,-11.273503303527832,-11.282367706298828,-11.120481491088867,-11.163779258728027,-12.348653793334961
1776940477.4032779,29000,-11.389142036437988,-11.408308982849121,-11.282462120056152,-11.280614852905273,-12.392549514770508,-11.308143615722656,-11.308197021484375,-11.238340377807617,-11.215782165527344,-12.333706855773926
1776940478.4030945,29500,-11.400375366210938,-11.409475326538086,-11.359339714050293,-11.301885604858398,-12.392549514770508,-11.365483283996582,-11.302528381347656,-11.339083671569824,-11.245354652404785,-12.313264846801758
1776940479.4030857,30000,-11.511483192443848,-11.412454605102539,-11.368890762329102,-11.294782638549805,-12.392549514770508,-11.496786117553711,-11.29712963104248,-11.355081558227539,-11.24358081817627,-12.309409141540527
1776940480.4567282,30500,-11.362290382385254,-11.295999526977539,-11.313264846801758,-11.278887748718262,-12.387906074523926,-11.48680305480957,-11.212928771972656,-11.303163528442383,-11.213562965393066,-12.249372482299805
1776940481.4565258,31000,-11.151768684387207,-11.116463661193848,-11.176389694213867,-11.237377166748047,-12.342818260192871,-11.441734313964844,-11.058664321899414,-11.169480323791504,-11.159241676330566,-12.15833568572998
1776940482.456576,31500,-10.917720794677734,-10.921911239624023,-11.058053970336914,-11.203404426574707,-12.265395164489746,-11.382155418395996,-10.902935981750488,-11.046899795532227,-11.106725692749023,-12.057232856750488
1776940483.4569461,32000,-10.696160316467285,-10.764702796936035,-10.968938827514648,-11.207956314086914,-12.16817569732666,-11.277569770812988,-10.800188064575195,-10.965322494506836,-11.082472801208496,-11.941011428833008
1776940484.494331,32500,-10.468608856201172,-10.64464282989502,-10.939519882202148,-11.232071876525879,-12.054254531860352,-11.134225845336914,-10.724260330200195,-10.935941696166992,-11.097020149230957,-11.821589469909668
1776940485.456479,33000,-10.450429916381836,-10.662446975708008,-11.012868881225586,-11.251696586608887,-11.949813842773438,-11.07878589630127,-10.814691543579102,-11.009245872497559,-11.130434036254883,-11.798162460327148
1776940486.4564261,33500,-10.469736099243164,-10.766168594360352,-11.150591850280762,-11.279752731323242,-11.888297080993652,-11.019035339355469,-10.957148551940918,-11.116449356079102,-11.164582252502441,-11.803255081176758
1776940487.456619,34000,-10.52137565612793,-10.911026954650879,-11.217936515808105,-11.24747085571289,-11.84502124786377,-10.966318130493164,-11.130468368530273,-11.22226333618164,-11.203961372375488,-11.796063423156738
1776940488.4565663,34500,-10.643714904785156,-11.058186531066895,-11.259271621704102,-11.190420150756836,-11.82399845123291,-11.034656524658203,-11.273210525512695,-11.290422439575195,-11.251327514648438,-11.806741714477539
1776940489.45677,35000,-10.665584564208984,-11.189867973327637,-11.274798393249512,-11.145377159118652,-11.812325477600098,-11.091188430786133,-11.4212646484375,-11.33413028717041,-11.27318286895752,-11.80790901184082
1776940490.4564362,35500,-10.676610946655273,-11.164815902709961,-11.209149360656738,-11.100128173828125,-11.78895378112793,-11.180322647094727,-11.406736373901367,-11.303422927856445,-11.29017448425293,-11.794500350952148
1776940491.4566524,36000,-10.686895370483398,-11.111899375915527,-11.159854888916016,-11.108980178833008,-11.771951675415039,-11.212936401367188,-11.368619918823242,-11.270333290100098,-11.308927536010742,-11.819795608520508
1776940492.4564898,36500,-10.671788215637207,-11.0325345993042,-11.146489143371582,-11.167253494262695,-11.757292747497559,-11.169679641723633,-11.311796188354492,-11.22079086303711,-11.294084548950195,-11.877725601196289
1776940493.456408,37000,-10.614721298217773,-10.968053817749023,-11.158071517944336,-11.21412467956543,-11.75767993927002,-11.054282188415527,-11.221208572387695,-11.189712524414062,-11.276544570922852,-11.931079864501953
1776940494.456703,37500,-10.587852478027344,-10.895770072937012,-11.167564392089844,-11.25316047668457,-11.786649703979492,-10.892007827758789,-11.113665580749512,-11.164068222045898,-11.270811080932617,-11.991762161254883
1776940495.456469,38000,-10.597143173217773,-10.90206527709961,-11.180036544799805,-11.285463333129883,-11.829313278198242,-10.72826099395752,-11.039749145507812,-11.150883674621582,-11.258328437805176,-12.026566505432129
1776940496.4563677,38500,-10.602293014526367,-10.856289863586426,-11.113748550415039,-11.283447265625,-11.882585525512695,-10.622957229614258,-10.931234359741211,-11.110204696655273,-11.253463745117188,-12.017753601074219
1776940497.4567,39000,-10.61060905456543,-10.8180570602417,-11.050358772277832,-11.291532516479492,-11.930350303649902,-10.59465503692627,-10.840070724487305,-11.055547714233398,-11.262605667114258,-11.9849853515625
1776940498.4570422,39500,-10.615995407104492,-10.769421577453613,-10.961111068725586,-11.323530197143555,-11.953836441040039,-10.611847877502441,-10.79606819152832,-10.964316368103027,-11.269999504089355,-11.949480056762695
1776940499.496366,40000,-10.579526901245117,-10.69439697265625,-10.884998321533203,-11.362914085388184,-11.966626167297363,-10.598915100097656,-10.743520736694336,-10.880778312683105,-11.2782564163208,-11.91765022277832
1776940500.456964,40500,-10.555465698242188,-10.655688285827637,-10.87324333190918,-11.400659561157227,-11.979181289672852,-10.609643936157227,-10.738595008850098,-10.826422691345215,-11.295486450195312,-11.911928176879883
1776940501.4564073,41000,-10.539011001586914,-10.639577865600586,-10.876092910766602,-11.421186447143555,-11.98056697845459,-10.63051986694336,-10.760801315307617,-10.785196304321289,-11.293607711791992,-11.935240745544434
1776940502.4567592,41500,-10.553441047668457,-10.638077735900879,-10.930283546447754,-11.428167343139648,-12.001409530639648,-10.65368938446045,-10.788952827453613,-10.823213577270508,-11.302266120910645,-11.962442398071289
1776940503.4566345,42000,-10.63150691986084,-10.7053804397583,-11.030258178710938,-11.427115440368652,-12.02937126159668,-10.69361686706543,-10.862184524536133,-10.92094898223877,-11.313807487487793,-12.001618385314941
1776940504.4564655,42500,-10.707036018371582,-10.774145126342773,-11.076288223266602,-11.423444747924805,-12.045825958251953,-10.821136474609375,-10.911661148071289,-10.993870735168457,-11.326112747192383,-12.026970863342285
1776940505.4568408,43000,-10.754114151000977,-10.835554122924805,-11.083027839660645,-11.424907684326172,-12.065485000610352,-10.967988967895508,-10.944330215454102,-11.054434776306152,-11.331193923950195,-12.03955078125
1776940506.456628,43500,-10.78154182434082,-10.905084609985352,-11.097677230834961,-11.418806076049805,-12.064155578613281,-11.066204071044922,-11.004379272460938,-11.115056991577148,-11.335805892944336,-12.027898788452148
1776940507.456387,44000,-10.82116413116455,-10.965458869934082,-11.095501899719238,-11.422127723693848,-12.056519508361816,-11.13385009765625,-11.036445617675781,-11.130178451538086,-11.330375671386719,-12.012580871582031
1776940508.4566958,44500,-10.760122299194336,-10.961474418640137,-11.107279777526855,-11.409833908081055,-11.988811492919922,-11.123395919799805,-11.03722095489502,-11.140148162841797,-11.312700271606445,-11.949689865112305
1776940509.4568126,45000,-10.73277473449707,-10.938745498657227,-11.17409610748291,-11.384753227233887,-11.89778995513916,-11.089421272277832,-11.063827514648438,-11.191543579101562,-11.291097640991211,-11.86596393585205
1776940510.4686012,45500,-10.680116653442383,-10.883678436279297,-11.215347290039062,-11.347288131713867,-11.795389175415039,-10.97433853149414,-11.043268203735352,-11.215553283691406,-11.257214546203613,-11.790716171264648
1776940511.456715,46000,-10.609526634216309,-10.829895973205566,-11.256978034973145,-11.304160118103027,-11.708505630493164,-10.91716194152832,-11.011222839355469,-11.248679161071777,-11.222360610961914,-11.731878280639648
1776940512.4563897,46500,-10.489081382751465,-10.738263130187988,-11.236700057983398,-11.252697944641113,-11.672381401062012,-10.890892028808594,-10.951910018920898,-11.223923683166504,-11.181097030639648,-11.710851669311523
1776940513.4646537,47000,-10.402450561523438,-10.65998649597168,-11.172574043273926,-11.20837116241455,-11.719793319702148,-10.862947463989258,-10.879072189331055,-11.173243522644043,-11.143708229064941,-11.758033752441406
1776940514.456836,47500,-10.408576011657715,-10.615528106689453,-11.104291915893555,-11.18000602722168,-11.805177688598633,-10.869626998901367,-10.806449890136719,-11.10157585144043,-11.11756706237793,-11.81867504119873
1776940515.4567642,48000,-10.406532287597656,-10.568288803100586,-11.031159400939941,-11.167980194091797,-11.896062850952148,-10.905828475952148,-10.749768257141113,-11.025553703308105,-11.118260383605957,-11.887215614318848
1776940516.456275,48500,-10.463509559631348,-10.591882705688477,-11.013742446899414,-11.186788558959961,-11.983915328979492,-10.946287155151367,-10.779698371887207,-11.011481285095215,-11.145962715148926,-11.958097457885742
1776940517.4567883,49000,-10.512009620666504,-10.653366088867188,-11.048604011535645,-11.221410751342773,-12.006357192993164,-11.005728721618652,-10.83637523651123,-11.064901351928711,-11.180118560791016,-11.99911880493164
1776940518.4564166,49500,-10.51470947265625,-10.698434829711914,-11.046977043151855,-11.265209197998047,-11.996851921081543,-11.024812698364258,-10.88505744934082,-11.123327255249023,-11.218244552612305,-12.032916069030762
1776940519.4565773,50000,-10.529862403869629,-10.75735855102539,-11.072482109069824,-11.302751541137695,-11.96683120727539,-11.033537864685059,-10.932591438293457,-11.176542282104492,-11.249069213867188,-12.067394256591797
1776940520.4568534,50500,-10.589499473571777,-10.835290908813477,-11.102066040039062,-11.328011512756348,-11.939083099365234,-11.063555717468262,-10.966806411743164,-11.211381912231445,-11.274953842163086,-12.093771934509277
1776940521.4564226,51000,-10.622020721435547,-10.870368957519531,-11.073994636535645,-11.34675121307373,-11.919286727905273,-11.08534049987793,-10.939125061035156,-11.181485176086426,-11.291997909545898,-12.107431411743164
1776940522.4568799,51500,-10.714582443237305,-10.945322036743164,-11.122407913208008,-11.362096786499023,-11.914361953735352,-11.095296859741211,-10.953953742980957,-11.169454574584961,-11.3151216506958,-12.10820198059082
1776940523.4565244,52000,-10.827478408813477,-10.993914604187012,-11.188031196594238,-11.370479583740234,-11.936582565307617,-11.17689323425293,-10.950430870056152,-11.159831047058105,-11.326980590820312,-12.081815719604492
1776940524.456459,52500,-10.864069938659668,-10.99035358428955,-11.237375259399414,-11.361091613769531,-11.950668334960938,-11.296332359313965,-10.95379638671875,-11.152262687683105,-11.31074333190918,-12.04101848602295
1776940525.456458,53000,-10.819844245910645,-10.980073928833008,-11.303510665893555,-11.348737716674805,-11.961091995239258,-11.346641540527344,-10.978730201721191,-11.17439079284668,-11.29084587097168,-11.9974365234375
1776940526.456397,53500,-10.762845993041992,-10.967154502868652,-11.345475196838379,-11.318958282470703,-11.98016357421875,-11.298307418823242,-10.992588996887207,-11.20313835144043,-11.260427474975586,-11.971394538879395
1776940527.4563212,54000,-10.68961238861084,-10.86925220489502,-11.298226356506348,-11.280282974243164,-11.988330841064453,-11.229116439819336,-10.97655200958252,-11.195582389831543,-11.233152389526367,-11.961127281188965
1776940528.4563146,54500,-10.60587215423584,-10.817718505859375,-11.254972457885742,-11.266359329223633,-11.974666595458984,-11.14099407196045,-11.014554977416992,-11.20329475402832,-11.227773666381836,-11.975967407226562
1776940529.490527,55000,-10.492695808410645,-10.797740936279297,-11.193385124206543,-11.265369415283203,-11.978710174560547,-10.983187675476074,-11.057548522949219,-11.215932846069336,-11.250850677490234,-11.995889663696289
1776940530.4567213,55500,-10.433487892150879,-10.772538185119629,-11.152186393737793,-11.266217231750488,-11.977557182312012,-10.878133773803711,-11.079957962036133,-11.235458374023438,-11.266010284423828,-12.000706672668457
1776940531.4566345,56000,-10.44584846496582,-10.758750915527344,-11.183952331542969,-11.258295059204102,-11.966499328613281,-10.865865707397461,-11.092964172363281,-11.269898414611816,-11.261850357055664,-11.999526023864746
1776940532.4567528,56500,-10.42505931854248,-10.692503929138184,-11.173822402954102,-11.222840309143066,-11.97685432434082,-10.879194259643555,-10.94060230255127,-11.234278678894043,-11.222865104675293,-12.00078010559082
1776940533.4566286,57000,-10.455796241760254,-10.613821983337402,-11.180641174316406,-11.17090129852295,-11.983316421508789,-10.890828132629395,-10.76997184753418,-11.168157577514648,-11.164599418640137,-11.979333877563477
1776940534.45697,57500,-10.493429183959961,-10.525123596191406,-11.158884048461914,-11.12851619720459,-11.992242813110352,-10.903203010559082,-10.569738388061523,-11.088164329528809,-11.107426643371582,-11.978638648986816
1776940535.4563968,58000,-10.535724639892578,-10.399179458618164,-11.082151412963867,-11.0863037109375,-12.003387451171875,-10.897286415100098,-10.341526985168457,-10.972284317016602,-11.049027442932129,-11.995763778686523
1776940536.4564874,58500,-10.611833572387695,-10.281449317932129,-10.998044967651367,-11.07413101196289,-11.994894027709961,-10.954995155334473,-10.170473098754883,-10.895617485046387,-11.03718376159668,-11.97472858428955
1776940537.4563684,59000,-10.629953384399414,-10.252778053283691,-10.948633193969727,-11.085756301879883,-11.993204116821289,-11.008356094360352,-10.152318954467773,-10.880017280578613,-11.06187629699707,-11.957232475280762
1776940538.4563172,59500,-10.618830680847168,-10.276480674743652,-10.931458473205566,-11.091741561889648,-11.986780166625977,-11.034265518188477,-10.19312572479248,-10.902806282043457,-11.081153869628906,-11.935836791992188
1776940539.4564261,60000,-10.62700080871582,-10.406553268432617,-11.004671096801758,-11.154990196228027,-11.994294166564941,-11.104571342468262,-10.344603538513184,-11.00340461730957,-11.158014297485352,-11.920326232910156
1776940540.4893932,60500,-10.743654251098633,-10.617044448852539,-11.123868942260742,-11.240381240844727,-12.045979499816895,-11.203279495239258,-10.609590530395508,-11.112447738647461,-11.250417709350586,-11.950712203979492
1776940541.4891224,61000,-10.78832721710205,-10.803495407104492,-11.245767593383789,-11.308515548706055,-12.121768951416016,-11.261533737182617,-10.812037467956543,-11.189522743225098,-11.298340797424316,-12.024063110351562
1776940542.4895225,61500,-11.003840446472168,-11.054771423339844,-11.423097610473633,-11.384869575500488,-12.197935104370117,-11.31492805480957,-11.064802169799805,-11.312292098999023,-11.353498458862305,-12.11923599243164
1776940543.4890985,62000,-11.229100227355957,-11.23118782043457,-11.523103713989258,-11.401737213134766,-12.285551071166992,-11.402936935424805,-11.239424705505371,-11.379534721374512,-11.350634574890137,-12.203950881958008
1776940544.4894176,62500,-11.407129287719727,-11.357248306274414,-11.560272216796875,-11.365585327148438,-12.354021072387695,-11.433356285095215,-11.350281715393066,-11.39045524597168,-11.296316146850586,-12.288528442382812
1776940545.489193,63000,-11.484651565551758,-11.457147598266602,-11.594698905944824,-11.31562614440918,-12.36915111541748,-11.459742546081543,-11.400035858154297,-11.433062553405762,-11.233572959899902,-12.29591178894043
1776940546.4890718,63500,-11.545498847961426,-11.553942680358887,-11.558862686157227,-11.26467227935791,-12.367815017700195,-11.463987350463867,-11.481668472290039,-11.414671897888184,-11.189545631408691,-12.289493560791016
1776940547.489209,64000,-11.446660041809082,-11.50727367401123,-11.478399276733398,-11.231687545776367,-12.344356536865234,-11.38871955871582,-11.425193786621094,-11.349771499633789,-11.15701675415039,-12.243963241577148
1776940548.4896834,64500,-11.378883361816406,-11.46863079071045,-11.425579071044922,-11.251348495483398,-12.258612632751465,-11.333688735961914,-11.37698745727539,-11.29955005645752,-11.177251815795898,-12.15983772277832
1776940549.489059,65000,-11.32737922668457,-11.373066902160645,-11.385171890258789,-11.247145652770996,-12.186506271362305,-11.274991989135742,-11.278855323791504,-11.251493453979492,-11.177027702331543,-12.076337814331055
1776940550.489236,65500,-11.277546882629395,-11.265382766723633,-11.335474014282227,-11.241686820983887,-12.123970985412598,-11.202415466308594,-11.164053916931152,-11.184764862060547,-11.176152229309082,-12.014881134033203
1776940551.489141,66000,-11.281106948852539,-11.194478034973145,-11.354216575622559,-11.250814437866211,-12.058616638183594,-11.169660568237305,-11.079184532165527,-11.194199562072754,-11.188920974731445,-11.947084426879883
1776940552.4894214,66500,-11.367329597473145,-11.203873634338379,-11.383296012878418,-11.242444038391113,-12.053337097167969,-11.24109935760498,-11.086406707763672,-11.221765518188477,-11.184362411499023,-11.932058334350586
1776940553.4892802,67000,-11.36958122253418,-11.231907844543457,-11.412801742553711,-11.248321533203125,-12.091468811035156,-11.24611759185791,-11.109434127807617,-11.250471115112305,-11.191533088684082,-11.955009460449219
1776940554.4889786,67500,-11.399469375610352,-11.280795097351074,-11.45621109008789,-11.26600456237793,-12.119382858276367,-11.279923439025879,-11.153164863586426,-11.293760299682617,-11.206491470336914,-11.970155715942383
1776940555.488967,68000,-11.429414749145508,-11.326650619506836,-11.46748161315918,-11.280385971069336,-12.165750503540039,-11.299820899963379,-11.198907852172852,-11.318931579589844,-11.219476699829102,-12.007654190063477
1776940556.4891038,68500,-11.422780990600586,-11.348204612731934,-11.410746574401855,-11.286285400390625,-12.226099014282227,-11.285730361938477,-11.220657348632812,-11.278142929077148,-11.22773551940918,-12.056097984313965
1776940557.4890597,69000,-11.411651611328125,-11.414767265319824,-11.333857536315918,-11.306669235229492,-12.241374015808105,-11.256317138671875,-11.290602684020996,-11.221189498901367,-11.252991676330566,-12.076560974121094
1776940558.4891043,69500,-11.479554176330566,-11.458528518676758,-11.253369331359863,-11.320585250854492,-12.276203155517578,-11.332876205444336,-11.338028907775879,-11.15510368347168,-11.2760648727417,-12.11640739440918
1776940559.4890082,70000,-11.474462509155273,-11.500096321105957,-11.154393196105957,-11.331184387207031,-12.306680679321289,-11.336773872375488,-11.391596794128418,-11.065681457519531,-11.295059204101562,-12.152946472167969
1776940560.489274,70500,-11.473068237304688,-11.522753715515137,-11.089147567749023,-11.356266021728516,-12.33012580871582,-11.359230041503906,-11.422087669372559,-11.001511573791504,-11.320671081542969,-12.187453269958496
1776940561.4890828,71000,-11.403312683105469,-11.504362106323242,-11.074755668640137,-11.39222240447998,-12.35428524017334,-11.315092086791992,-11.40645980834961,-10.976031303405762,-11.350706100463867,-12.2249174118042
1776940562.489166,71500,-11.328798294067383,-11.432110786437988,-11.115511894226074,-11.412188529968262,-12.36774730682373,-11.262939453125,-11.332609176635742,-11.008124351501465,-11.360427856445312,-12.250739097595215
1776940563.4892561,72000,-11.230257034301758,-11.388238906860352,-11.1973295211792,-11.45621395111084,-12.380529403686523,-11.16124439239502,-11.288111686706543,-11.09748649597168,-11.394762992858887,-12.27380657196045
1776940564.4893582,72500,-11.219306945800781,-11.361441612243652,-11.303094863891602,-11.492154121398926,-12.394246101379395,-11.164041519165039,-11.256360054016113,-11.217653274536133,-11.424640655517578,-12.298070907592773
1776940565.4891865,73000,-11.187262535095215,-11.337604522705078,-11.351759910583496,-11.495054244995117,-12.34406852722168,-11.16714859008789,-11.238696098327637,-11.269739151000977,-11.429506301879883,-12.252484321594238
1776940566.4894125,73500,-11.188774108886719,-11.303858757019043,-11.32589054107666,-11.454059600830078,-12.285957336425781,-11.194887161254883,-11.207406997680664,-11.259759902954102,-11.399456024169922,-12.204643249511719
1776940567.488861,74000,-11.175699234008789,-11.259078025817871,-11.256179809570312,-11.406580924987793,-12.231219291687012,-11.192525863647461,-11.164812088012695,-11.199837684631348,-11.360282897949219,-12.152929306030273
1776940568.489071,74500,-11.152504920959473,-11.205592155456543,-11.14743423461914,-11.339385032653809,-12.162638664245605,-11.177148818969727,-11.11324405670166,-11.0903902053833,-11.299664497375488,-12.086877822875977
1776940569.4892938,75000,-11.087443351745605,-11.139809608459473,-11.017255783081055,-11.289718627929688,-12.136423110961914,-11.105756759643555,-11.038866996765137,-10.959157943725586,-11.25501823425293,-12.055456161499023
1776940570.489133,75500,-11.07009506225586,-11.036062240600586,-10.947154998779297,-11.286247253417969,-12.162971496582031,-11.072636604309082,-10.926283836364746,-10.892919540405273,-11.24466323852539,-12.071703910827637
1776940571.4893417,76000,-11.08838939666748,-10.983979225158691,-10.919275283813477,-11.326639175415039,-12.195951461791992,-11.068780899047852,-10.873814582824707,-10.864694595336914,-11.274717330932617,-12.090505599975586
1776940572.489129,76500,-11.074030876159668,-10.956365585327148,-10.909112930297852,-11.359898567199707,-12.241241455078125,-11.041998863220215,-10.847650527954102,-10.851871490478516,-11.299713134765625,-12.11792278289795
1776940573.4890506,77000,-10.99767017364502,-10.952072143554688,-10.930017471313477,-11.388707160949707,-12.307393074035645,-10.948173522949219,-10.850761413574219,-10.870683670043945,-11.316970825195312,-12.163000106811523
1776940574.489286,77500,-11.004422187805176,-11.041826248168945,-10.987274169921875,-11.409015655517578,-12.313424110412598,-10.947509765625,-10.943014144897461,-10.924384117126465,-11.326833724975586,-12.15351676940918
1776940575.489149,78000,-11.021017074584961,-11.17378044128418,-11.03610897064209,-11.368708610534668,-12.324873924255371,-10.947038650512695,-11.06615161895752,-10.96833324432373,-11.288928031921387,-12.1542387008667
1776940576.4890237,78500,-11.016460418701172,-11.301224708557129,-11.10871696472168,-11.307955741882324,-12.333771705627441,-10.940858840942383,-11.17845630645752,-11.03566837310791,-11.232287406921387,-12.158121109008789
1776940577.4892704,79000,-11.01807689666748,-11.393730163574219,-11.170965194702148,-11.25868034362793,-12.327921867370605,-10.948423385620117,-11.260602951049805,-11.103687286376953,-11.187860488891602,-12.15371036529541
1776940578.489457,79500,-11.09422779083252,-11.452524185180664,-11.19953727722168,-11.215087890625,-12.325281143188477,-11.040608406066895,-11.308698654174805,-11.140247344970703,-11.15282154083252,-12.15987777709961
1776940579.4892592,80000,-11.127275466918945,-11.395503044128418,-11.175171852111816,-11.200657844543457,-12.345464706420898,-11.084428787231445,-11.260847091674805,-11.12403392791748,-11.146589279174805,-12.194024085998535
1776940580.4893947,80500,-11.105005264282227,-11.31456470489502,-11.151304244995117,-11.241439819335938,-12.359969139099121,-11.073217391967773,-11.201787948608398,-11.112879753112793,-11.190263748168945,-12.226736068725586
1776940581.4890013,81000,-11.097320556640625,-11.25586986541748,-11.113065719604492,-11.27817153930664,-12.376205444335938,-11.065820693969727,-11.172192573547363,-11.086027145385742,-11.226980209350586,-12.262983322143555
1776940582.4891243,81500,-11.116204261779785,-11.241121292114258,-11.07702922821045,-11.304744720458984,-12.391500473022461,-11.091497421264648,-11.177434921264648,-11.04713249206543,-11.251062393188477,-12.308290481567383
1776940583.4894073,82000,-11.09941577911377,-11.230195999145508,-11.074065208435059,-11.32008171081543,-12.39657211303711,-11.08373737335205,-11.1773681640625,-11.032454490661621,-11.256855010986328,-12.341901779174805
1776940584.4894085,82500,-11.128854751586914,-11.239079475402832,-11.036674499511719,-11.300239562988281,-12.39657211303711,-11.119402885437012,-11.181015014648438,-10.983144760131836,-11.228446960449219,-12.365228652954102
1776940585.4894187,83000,-11.191990852355957,-11.28455638885498,-11.005282402038574,-11.265477180480957,-12.39657211303711,-11.189626693725586,-11.213602066040039,-10.945433616638184,-11.184759140014648,-12.383916854858398
1776940586.4895008,83500,-11.233024597167969,-11.287857055664062,-10.968133926391602,-11.253494262695312,-12.39657211303711,-11.234380722045898,-11.21019172668457,-10.905014991760254,-11.167309761047363,-12.39657211303711
1776940587.4893913,84000,-11.2644681930542,-11.36902141571045,-10.949576377868652,-11.258587837219238,-12.39657211303711,-11.2744722366333,-11.280471801757812,-10.891103744506836,-11.171354293823242,-12.385828018188477
1776940588.4892874,84500,-11.33041763305664,-11.433675765991211,-10.955355644226074,-11.271111488342285,-12.39657211303711,-11.34631061553955,-11.337159156799316,-10.905821800231934,-11.189509391784668,-12.3690767288208
1776940589.489406,85000,-11.340433120727539,-11.493062973022461,-11.025254249572754,-11.30041790008545,-12.39657211303711,-11.370271682739258,-11.390539169311523,-10.985271453857422,-11.219158172607422,-12.350863456726074
1776940590.48922,85500,-11.398547172546387,-11.542476654052734,-11.088068008422852,-11.311169624328613,-12.39657211303711,-11.423090934753418,-11.444099426269531,-11.03643798828125,-11.231377601623535,-12.333768844604492
1776940591.5011203,86000,-11.499157905578613,-11.549277305603027,-11.10624885559082,-11.303875923156738,-12.39657211303711,-11.546964645385742,-11.458429336547852,-11.041607856750488,-11.22215461730957,-12.324832916259766
1776940592.489357,86500,-11.534757614135742,-11.463536262512207,-11.112727165222168,-11.274375915527344,-12.39657211303711,-11.553778648376465,-11.38823127746582,-11.031123161315918,-11.188380241394043,-12.330283164978027
1776940593.4892678,87000,-11.537952423095703,-11.392662048339844,-11.08155345916748,-11.24602222442627,-12.39657211303711,-11.518978118896484,-11.325377464294434,-10.980894088745117,-11.15621280670166,-12.347034454345703
1776940594.4889462,87500,-11.476284980773926,-11.312627792358398,-11.061311721801758,-11.215262413024902,-12.39657211303711,-11.43741512298584,-11.259873390197754,-10.954614639282227,-11.12799072265625,-12.36524772644043
1776940595.4890518,88000,-11.411293029785156,-11.30095100402832,-11.07182502746582,-11.218387603759766,-12.39657211303711,-11.347824096679688,-11.240151405334473,-10.984708786010742,-11.132433891296387,-12.368426322937012
1776940596.489164,88500,-11.33862018585205,-11.352560043334961,-11.188864707946777,-11.241654396057129,-12.392663955688477,-11.2452974319458,-11.274595260620117,-11.12200927734375,-11.164080619812012,-12.349096298217773
1776940597.4894326,89000,-11.355799674987793,-11.398694038391113,-11.28460693359375,-11.281013488769531,-12.392663955688477,-11.278623580932617,-11.300603866577148,-11.239814758300781,-11.216336250305176,-12.333784103393555
1776940598.4893477,89500,-11.362470626831055,-11.400116920471191,-11.361802101135254,-11.301897048950195,-12.392663955688477,-11.330625534057617,-11.29449462890625,-11.340651512145996,-11.245885848999023,-12.312965393066406
1776940599.4893107,90000,-11.500467300415039,-11.409805297851562,-11.371232032775879,-11.29404067993164,-12.392663955688477,-11.478765487670898,-11.295345306396484,-11.35719108581543,-11.2433443069458,-12.310297012329102
