idx,timestamp,prediction_raw,prediction_clipped,prediction_smooth
0,1776942105.1088097,0.1904238328620874,0.1904238328620874,0.1904238328620874
1,1776942105.607457,0.27543166354340953,0.27543166354340953,0.23292774820274847
2,1776942106.1072083,0.3487622043856553,0.3487622043856553,0.27153923359705073
3,1776942106.6072028,0.19302823921704274,0.19302823921704274,0.25191148500204874
4,1776942107.1071677,0.39251629735358123,0.39251629735358123,0.28003244747235523
5,1776942107.6071155,0.40557293413259493,0.40557293413259493,0.32306226772645674
6,1776942108.1075864,0.270029787090748,0.270029787090748,0.32198189243592445
7,1776942108.6074173,0.31360053319680414,0.31360053319680414,0.3149495581981542
8,1776942109.1074696,0.3491559098797992,0.3491559098797992,0.34617509233070554
9,1776942109.6076488,0.3352779942829767,0.3352779942829767,0.3347274317165846
10,1776942110.1074786,0.329287442692415,0.329287442692415,0.3194703334285486
11,1776942110.607126,0.3493852212589948,0.3493852212589948,0.33534142026219793
12,1776942111.1072714,0.3494960122702231,0.3494960122702231,0.3425205160768817
13,1776942111.6075454,0.3461742915356042,0.3461742915356042,0.3419241924080428
14,1776942112.1071076,0.3292293894860055,0.3292293894860055,0.34071447144864847
15,1776942112.6082048,0.3144942141137665,0.3144942141137665,0.3377558257329188
16,1776942113.1075773,0.430544195659983,0.430544195659983,0.35398762061311645
17,1776942113.6082969,0.49950831018796105,0.49950831018796105,0.3839900801966641
18,1776942114.1076012,0.5158802774051348,0.5158802774051348,0.4179312773705702
19,1776942114.6072547,0.5418817710008506,0.5418817710008506,0.46046175367353914
20,1776942115.1071055,0.5615515163363551,0.5615515163363551,0.509873214118057
21,1776942115.607427,0.5820515145372234,0.5820515145372234,0.5401746778935049
22,1776942116.1089516,0.5749724616618022,0.5749724616618022,0.5552675081882732
23,1776942116.6074271,0.5418688310926678,0.5418688310926678,0.5604652189257798
24,1776942117.1073072,0.5250966448221754,0.5250966448221754,0.5571081936900448
25,1776942117.607276,0.541528889332858,0.541528889332858,0.5531036682893453
26,1776942118.1071498,0.46004819208280323,0.46004819208280323,0.5287030037984615
27,1776942118.6070874,0.4382935673202232,0.4382935673202232,0.5013672249301455
28,1776942119.1073308,0.4503968369053305,0.4503968369053305,0.48307282609267804
29,1776942119.6074216,0.4029914290051238,0.4029914290051238,0.4586517829292678
30,1776942120.1070662,0.403591695563833,0.403591695563833,0.43106434417546274
31,1776942120.6070771,0.497053637570237,0.497053637570237,0.4384654332729495
32,1776942121.1072905,0.4872911102198074,0.4872911102198074,0.44826494185286636
33,1776942121.6073794,0.4510676615184677,0.4510676615184677,0.4483991067754938
34,1776942122.107166,0.4204781998345413,0.4204781998345413,0.4518964609413773
35,1776942122.607451,0.43973891002918375,0.43973891002918375,0.4591259038344474
36,1776942123.107189,0.43221020867844595,0.43221020867844595,0.4461572180560892
37,1776942123.6072805,0.4323656812629172,0.4323656812629172,0.4351721322647112
38,1776942124.1071005,0.44876265610359395,0.44876265610359395,0.4347111311817364
39,1776942124.6070836,0.4583098848977844,0.4583098848977844,0.442277468194385
40,1776942125.1072388,0.41603749718151756,0.41603749718151756,0.4375371856248519
41,1776942125.6072626,0.415184888942889,0.415184888942889,0.4341321216777404
42,1776942126.1072462,0.3678760636940527,0.3678760636940527,0.42123419816396757
43,1776942126.6072924,0.3435297799087972,0.3435297799087972,0.4001876229250082
44,1776942127.107237,0.3694898813266929,0.3694898813266929,0.38242362221078985
45,1776942127.6072652,0.3645393983289428,0.3645393983289428,0.3721240024402749
46,1776942128.1071684,0.33199082935048024,0.33199082935048024,0.35548519052179317
47,1776942128.6072886,0.339231751012248,0.339231751012248,0.3497563279854322
48,1776942129.1070952,0.34673668756599013,0.34673668756599013,0.35039770951687077
49,1776942129.6072607,0.37245668585870667,0.37245668585870667,0.35099107042327354
50,1776942130.1071262,0.34522955960780183,0.34522955960780183,0.3471291026790454
51,1776942130.6072214,0.3438276834968428,0.3438276834968428,0.34949647350831786
52,1776942131.1070871,0.3259964915636728,0.3259964915636728,0.3468494216186028
53,1776942131.6071658,0.37155728451416603,0.37155728451416603,0.35181354100823803
54,1776942132.1071646,0.36342321667651045,0.36342321667651045,0.3500068471717988
55,1776942132.6072543,0.4779484380258312,0.4779484380258312,0.3765506228554047
56,1776942133.1072993,0.47226263860769735,0.47226263860769735,0.4022376138775755
57,1776942133.607266,0.47090507424196115,0.47090507424196115,0.43121933041323324
58,1776942134.1072538,0.4592726870884304,0.4592726870884304,0.4487624109280861
59,1776942134.6071703,0.4315551799414876,0.4315551799414876,0.4623888035810815
60,1776942135.1072028,0.43836497331667,0.43836497331667,0.4544721106392493
61,1776942135.6071854,0.3220769758298398,0.3220769758298398,0.4244349780836777
62,1776942136.1069963,0.34438868414936247,0.34438868414936247,0.3991317000651581
63,1776942136.6071262,0.25476657000200786,0.25476657000200786,0.35823047664787355
64,1776942137.1072888,0.3021968227399274,0.3021968227399274,0.3323588052075615
65,1776942137.607191,0.2657694038272837,0.2657694038272837,0.29783969130968424
66,1776942138.1072023,0.28154413755167296,0.28154413755167296,0.2897331236540509
67,1776942138.607223,0.46968809164476844,0.46968809164476844,0.31479300515313213
68,1776942139.107278,0.5171220951736026,0.5171220951736026,0.36726411018745103
69,1776942139.6072228,0.5501345649256915,0.5501345649256915,0.4168516586246039
70,1776942140.1072516,0.4943832427930142,0.4943832427930142,0.46257442641774993
71,1776942140.6071784,0.4189428583300082,0.4189428583300082,0.49005417057341705
72,1776942141.1072407,0.4907264296396859,0.4907264296396859,0.4942618381724005
73,1776942141.6073952,0.5344429137683342,0.5344429137683342,0.49772600189134675
74,1776942142.1072576,0.5650716244105534,0.5650716244105534,0.5007134137883191
75,1776942142.6071763,0.6096583721053914,0.6096583721053914,0.5237684396507947
76,1776942143.1070523,0.6042457699658788,0.6042457699658788,0.5608290219779687
77,1776942143.6073277,0.6275788970852505,0.6275788970852505,0.5881995154670816
78,1776942144.1072319,0.5980325369298474,0.5980325369298474,0.6009174400993842
79,1776942144.6075382,0.5980895162903517,0.5980895162903517,0.6075210184753439
80,1776942145.1073945,0.5937415888628255,0.5937415888628255,0.6043376618268308
81,1776942145.60708,0.5727045162032015,0.5727045162032015,0.5980294110742952
82,1776942146.1070707,0.5845069429600319,0.5845069429600319,0.5894150202492516
83,1776942146.6071365,0.5085682787688088,0.5085682787688088,0.571522168617044
84,1776942147.1071,0.44675325329899307,0.44675325329899307,0.5412549160187722
85,1776942147.6072955,0.5137752830241251,0.5137752830241251,0.5252616548510322
86,1776942148.1072705,0.4748539619554968,0.4748539619554968,0.5056915440014912
87,1776942148.6075106,0.4674434744703545,0.4674434744703545,0.48227885030355566
88,1776942149.107273,0.43890972150412694,0.43890972150412694,0.46834713885061924
89,1776942149.6074717,0.44484720234202957,0.44484720234202957,0.46796592865922654
90,1776942150.1072378,0.42962552310174823,0.42962552310174823,0.45113597667475125
91,1776942150.6073651,0.3891106427638783,0.3891106427638783,0.43398731283642755
92,1776942151.1072984,0.538205453528743,0.538205453528743,0.4481397086481052
93,1776942151.6071515,0.5942154011385694,0.5942154011385694,0.47920084457499373
94,1776942152.1074305,0.5836545707562227,0.5836545707562227,0.5069623182578323
95,1776942152.6072648,0.6085530334506345,0.6085530334506345,0.5427478203276096
96,1776942153.1070714,0.5762294148381478,0.5762294148381478,0.5801715747424635
97,1776942153.6072495,0.5718679714065351,0.5718679714065351,0.5869040783180219
98,1776942154.1072407,0.5808992501513239,0.5808992501513239,0.5842408481205729
99,1776942154.6073961,0.5811201695103886,0.5811201695103886,0.583733967871406
100,1776942155.1074555,0.5602519857969546,0.5602519857969546,0.57407375834067
101,1776942155.6073773,0.5734271728270688,0.5734271728270688,0.5735133099384543
102,1776942156.107371,0.522064828226525,0.522064828226525,0.5635526813024521
103,1776942156.6073215,0.5662967631870603,0.5662967631870603,0.5606321839095993
104,1776942157.1073296,0.6139495619385384,0.6139495619385384,0.5671980623952294
105,1776942157.6072104,0.6248746778803386,0.6248746778803386,0.5801226008119063
106,1776942158.1072447,0.660131966601644,0.660131966601644,0.5974635595668213
107,1776942158.607291,0.6001432947527204,0.6001432947527204,0.6130792528720603
108,1776942159.1070151,0.5953046896502272,0.5953046896502272,0.6188808381646937
109,1776942159.6074524,0.6745743095883177,0.6745743095883177,0.6310057876946497
110,1776942160.1072989,0.6459083856487686,0.6459083856487686,0.6352125292483356
111,1776942160.607165,0.6086541157816749,0.6086541157816749,0.6249169590843417
112,1776942161.1069872,0.6028529952393888,0.6028529952393888,0.6254588991816755
113,1776942161.6072361,0.5351839845072576,0.5351839845072576,0.6134347581530816
114,1776942162.1071987,0.5808071921508922,0.5808071921508922,0.5946813346655964
115,1776942162.60716,0.565874944776398,0.565874944776398,0.5786746464911223
116,1776942163.107295,0.47531614682836426,0.47531614682836426,0.5520070527004602
117,1776942163.607208,0.4886248272906737,0.4886248272906737,0.5291614191107172
118,1776942164.1072543,0.5182237580457656,0.5182237580457656,0.5257693738184187
119,1776942164.607451,0.5431530994735714,0.5431530994735714,0.5182385552829546
120,1776942165.1071703,0.6605695859912781,0.6605695859912781,0.5371774835259305
121,1776942165.607014,0.7101019743581432,0.7101019743581432,0.5841346490318864
122,1776942166.1070006,0.7801912229793696,0.7801912229793696,0.6424479281696256
123,1776942166.6072955,0.7741640541677637,0.7741640541677637,0.6936359873940251
124,1776942167.10724,0.7349394313017025,0.7349394313017025,0.7319932537596514
125,1776942167.607237,0.7318499041273723,0.7318499041273723,0.7462493173868703
126,1776942168.1072204,0.7149095914647995,0.7149095914647995,0.7472108408082014
127,1776942168.6073549,0.6757830130952222,0.6757830130952222,0.726329198831372
128,1776942169.107202,0.7051871453124439,0.7051871453124439,0.712533817060308
129,1776942169.607406,0.7706166103508091,0.7706166103508091,0.7196692528701294
130,1776942170.10736,0.7971933535096751,0.7971933535096751,0.73273794274659
131,1776942170.6071901,0.91524427473971,0.91524427473971,0.772804879401572
132,1776942171.1072466,0.9641050287604263,0.9641050287604263,0.8304692825346128
133,1776942171.6072166,0.9850972670020983,0.9850972670020983,0.8864513068725438
134,1776942172.1072283,0.9965140325418042,0.9965140325418042,0.9316307913107428
135,1776942172.6073825,0.959897916919253,0.959897916919253,0.9641717039926585
136,1776942173.107297,0.9678125329329408,0.9678125329329408,0.9746853556313045
137,1776942173.6072147,0.9293103217272435,0.9293103217272435,0.967726414224668
138,1776942174.1071599,0.9571283315135877,0.9571283315135877,0.9621326271269659
139,1776942174.6070986,0.9312039681485573,0.9312039681485573,0.9490706142483164
140,1776942175.1072285,0.8677101418408617,0.8677101418408617,0.9306330592326383
141,1776942175.607212,0.9511134865731301,0.9511134865731301,0.9272932499606761
142,1776942176.1072774,0.9812843305549362,0.9812843305549362,0.9376880517262146
143,1776942176.6071665,0.9678042781480702,0.9678042781480702,0.9398232410531111
144,1776942177.1072288,1.01743368191273,1.0,0.9535824474233996
145,1776942177.6073523,0.9573434685314768,0.9573434685314768,0.9715091127615226
146,1776942178.107054,0.9635528490451617,0.9635528490451617,0.9739969852559291
147,1776942178.6073508,1.0031205867229505,1.0,0.9777401191449417
148,1776942179.1072555,0.9754006741369785,0.9754006741369785,0.9792593983427235
149,1776942179.6073003,0.9727063254389156,0.9727063254389156,0.9738006634305065
150,1776942180.107282,1.0020121234149424,1.0,0.9823319697242111
151,1776942180.607234,1.019791672565292,1.0,0.9896213999151788
152,1776942181.1073034,1.054032697636492,1.0,0.9896213999151788
153,1776942181.6070266,1.0784942811884712,1.0,0.9945412650877831
154,1776942182.1072624,1.0800694543832339,1.0,1.0
155,1776942182.60705,1.0621692667906824,1.0,1.0
156,1776942183.1074595,1.0020605440173416,1.0,1.0
157,1776942183.6074486,1.0027948402449087,1.0,1.0
158,1776942184.1073833,0.9618726281550509,0.9618726281550509,0.9923745256310103
159,1776942184.6090536,0.9767358011294045,0.9767358011294045,0.9877216858568911
160,1776942185.1075346,0.9644977387639937,0.9644977387639937,0.9806212336096898
161,1776942185.6080997,1.0301887278303017,1.0,0.9806212336096898
162,1776942186.1072457,1.047737984196515,1.0,0.9806212336096898
163,1776942186.6074014,1.0479044596041382,1.0,0.9882467079786796
164,1776942187.107623,1.0073817361613742,1.0,0.9928995477527988
165,1776942187.607297,1.0277624640943748,1.0,1.0
166,1776942188.1074803,1.024352505631379,1.0,1.0
167,1776942188.6074297,1.0269490588617654,1.0,1.0
168,1776942189.1071956,1.042208351557533,1.0,1.0
169,1776942189.6074126,1.029127337986198,1.0,1.0
170,1776942190.107331,1.0702355491152948,1.0,1.0
171,1776942190.6071303,1.0365326867860338,1.0,1.0
172,1776942191.1075675,1.0237972866363885,1.0,1.0
173,1776942191.607247,1.0283317090908222,1.0,1.0
174,1776942192.1074147,1.0475047319235902,1.0,1.0
175,1776942192.6071959,0.9858512326737865,0.9858512326737865,0.9971702465347573
176,1776942193.1070812,1.022578046465958,1.0,0.9971702465347573
177,1776942193.6073723,1.0342208816394303,1.0,0.9971702465347573
178,1776942194.107198,1.0540439100239736,1.0,0.9971702465347573
179,1776942194.6077273,1.0185857368285025,1.0,0.9971702465347573
180,1776942195.107219,1.0255735330052147,1.0,1.0
181,1776942195.6088865,1.0306324977484986,1.0,1.0
182,1776942196.1072228,1.0723910212557568,1.0,1.0
183,1776942196.6089547,1.077198012637029,1.0,1.0
184,1776942197.1072462,1.0794802304520925,1.0,1.0
185,1776942197.6076143,1.0911187958142108,1.0,1.0
186,1776942198.1072648,1.0937514508392918,1.0,1.0
187,1776942198.6089215,1.1437418437111473,1.0,1.0
188,1776942199.1072228,1.075696117345954,1.0,1.0
189,1776942199.6089752,1.0630506284548233,1.0,1.0
190,1776942200.1071851,1.0692774246913301,1.0,1.0
191,1776942200.607402,1.0912397035600625,1.0,1.0
192,1776942201.1071584,1.0759019929893612,1.0,1.0
193,1776942201.6074486,1.001424429043297,1.0,1.0
194,1776942202.1080868,1.0105390234311036,1.0,1.0
195,1776942202.6073544,1.0181286908356888,1.0,1.0
196,1776942203.1071556,1.0261181334041451,1.0,1.0
197,1776942203.6071427,1.0151483724491688,1.0,1.0
198,1776942204.1073577,0.9772706796716676,0.9772706796716676,0.9954541359343334
199,1776942204.6072018,1.003212390241253,1.0,0.9954541359343334
200,1776942205.1094267,1.0254054106107402,1.0,0.9954541359343334
201,1776942205.6074255,0.9567153684075027,0.9567153684075027,0.986797209615834
202,1776942206.10763,1.0123242652250442,1.0,0.986797209615834
203,1776942206.6073954,1.0089944376866145,1.0,0.9913430736815005
204,1776942207.1093547,1.055765894194167,1.0,0.9913430736815005
205,1776942207.6073499,1.0508280105650538,1.0,0.9913430736815005
206,1776942208.1073298,1.0350808530409825,1.0,1.0
207,1776942208.6087096,1.0613925691152901,1.0,1.0
208,1776942209.107132,1.087432697096502,1.0,1.0
209,1776942209.6080663,1.0623071994669862,1.0,1.0
210,1776942210.1075938,1.069819109857787,1.0,1.0
211,1776942210.6078541,1.073795589116198,1.0,1.0
212,1776942211.1086333,1.075971174809697,1.0,1.0
213,1776942211.6080434,1.068196273536104,1.0,1.0
214,1776942212.1076002,1.0716703848805063,1.0,1.0
215,1776942212.6073396,1.059347854112445,1.0,1.0
216,1776942213.1075304,1.0902064198184411,1.0,1.0
217,1776942213.607108,1.0788940572983488,1.0,1.0
218,1776942214.1075053,0.8708644243251266,0.8708644243251266,0.9741728848650253
219,1776942214.6072931,0.7536391766781472,0.7536391766781472,0.9249007202006547
220,1776942215.1073217,0.6775036214727574,0.6775036214727574,0.8604014444952062
221,1776942215.607179,0.5556329153596142,0.5556329153596142,0.771528027567129
222,1776942216.1084669,0.4884396310997519,0.4884396310997519,0.6692159537870794
223,1776942216.6091068,0.48706186595190576,0.48706186595190576,0.5924554421124354
224,1776942217.1088288,0.39862816371648324,0.39862816371648324,0.5214532395201026
225,1776942217.607399,0.3930840136969993,0.3930840136969993,0.46456931796495093
226,1776942218.1072955,0.39633567298385936,0.39633567298385936,0.4327098694897999
227,1776942218.6070328,0.36261586919299105,0.36261586919299105,0.40754511710844776
228,1776942219.1074648,0.34705221339521813,0.34705221339521813,0.3795431865971102
229,1776942219.6075752,0.32214402500020256,0.32214402500020256,0.3642463588538541
230,1776942220.1071591,0.31166197528440825,0.31166197528440825,0.3479619511713359
231,1776942220.6075742,0.31552029909292933,0.31552029909292933,0.33179887639314987
232,1776942221.1076074,0.34531821718819283,0.34531821718819283,0.3283393459921902
233,1776942221.6076941,0.33809818421839644,0.33809818421839644,0.3265485401568259
234,1776942222.1078198,0.321545537069112,0.321545537069112,0.3264288425706078
235,1776942222.6070316,0.30680075805896584,0.30680075805896584,0.3254565991255193
236,1776942223.1072786,0.30588155927788463,0.30588155927788463,0.3235288511625104
237,1776942223.607232,0.2885345983345273,0.2885345983345273,0.31217212739177724
238,1776942224.1072745,0.2859042272035106,0.2859042272035106,0.3017333359888001
239,1776942224.6074002,0.28018902492001313,0.28018902492001313,0.2934620335589803
240,1776942225.1072593,0.29309307542767804,0.29309307542767804,0.29072049703272274
241,1776942225.607478,0.287221079883775,0.287221079883775,0.2869884011539008
242,1776942226.1076362,0.2960691167937458,0.2960691167937458,0.28849530484574454
243,1776942226.6074345,0.2970080270368884,0.2970080270368884,0.29071606481242007
244,1776942227.1071715,0.31048270450245,0.31048270450245,0.29677480072890744
245,1776942227.607309,0.334655028096851,0.334655028096851,0.3050871912627421
246,1776942228.107464,0.3258977004018395,0.3258977004018395,0.31282251536635497
247,1776942228.607241,0.3126768171980137,0.3126768171980137,0.3161440554472085
248,1776942229.1073072,0.31761477812325367,0.31761477812325367,0.3202654056644816
249,1776942229.6074247,0.30728316624942636,0.30728316624942636,0.31962549801387685
250,1776942230.107158,0.3210500451484197,0.3210500451484197,0.3169045014241906
251,1776942230.6075392,0.33667692818195954,0.33667692818195954,0.31906034698021457
252,1776942231.1074605,0.31949786991020834,0.31949786991020834,0.32042455752265353
253,1776942231.6073084,0.3266440531226093,0.3266440531226093,0.32223041252252466
254,1776942232.1071641,0.3015897608849153,0.3015897608849153,0.3210917314496224
255,1776942232.6071546,0.30039540271895293,0.30039540271895293,0.3169608029637291
256,1776942233.1071951,0.3078481946890589,0.3078481946890589,0.31119505626514893
257,1776942233.6072936,0.28838594820852625,0.28838594820852625,0.30497267192481253
258,1776942234.107396,0.2880039943747967,0.2880039943747967,0.29724466017525003
259,1776942234.6072662,0.29042725126472513,0.29042725126472513,0.29501215825121196
260,1776942235.1071482,0.3371661647255664,0.3371661647255664,0.30236631065253466
261,1776942235.6075299,0.30864857085285335,0.30864857085285335,0.3025263858852935
262,1776942236.1070778,0.3163732071539245,0.3163732071539245,0.3081238376743732
263,1776942236.6070428,0.34557203516753093,0.34557203516753093,0.31963744583292003
264,1776942237.1074202,0.3359759357128072,0.3359759357128072,0.32874718272253645
265,1776942237.607043,0.32897450736617895,0.32897450736617895,0.32710885125065897
266,1776942238.1074178,0.38986034023874533,0.38986034023874533,0.34335120512783734
267,1776942238.607185,0.409037472011253,0.409037472011253,0.3618840580993031
268,1776942239.1091664,0.45062204197884664,0.45062204197884664,0.38289405946156624
269,1776942239.6076324,0.43710763077032083,0.43710763077032083,0.40312039847306896
270,1776942240.1074512,0.4247383955957049,0.4247383955957049,0.4222731761189742
271,1776942240.6072829,0.4273244974156878,0.4273244974156878,0.4297660075543627
272,1776942241.1074853,0.45220835910484747,0.45220835910484747,0.43840018497308153
273,1776942241.607317,0.35921807449380583,0.35921807449380583,0.4201193914760733
274,1776942242.1083577,0.372002961332719,0.372002961332719,0.40709845758855306
275,1776942242.6072674,0.3799711969919322,0.3799711969919322,0.39814501786779843
276,1776942243.107472,0.3889879138190899,0.3889879138190899,0.3904777011484789
277,1776942243.607572,0.3638192327465608,0.3638192327465608,0.3727998758768215
278,1776942244.1072967,0.3470445288841959,0.3470445288841959,0.3703651667548996
279,1776942244.6074104,0.35589584256950224,0.35589584256950224,0.3671437430022562
280,1776942245.1075044,0.38410148591948656,0.38410148591948656,0.3679698007877671
281,1776942245.6075256,0.3834800151301403,0.3834800151301403,0.3668682210499772
282,1776942246.1082277,0.3711250048976783,0.3711250048976783,0.36832937548020067
283,1776942246.6074636,0.3843843904456757,0.3843843904456757,0.3757973477924966
284,1776942247.1090581,0.4133272611671677,0.4133272611671677,0.3872836315120297
285,1776942247.6073756,0.37037065914650874,0.37037065914650874,0.38453746615743417
286,1776942248.1075358,0.3416469603192109,0.3416469603192109,0.3761708551952483
287,1776942248.6071937,0.3340465718103904,0.3340465718103904,0.36875516857779067
288,1776942249.1073294,0.3340860594136735,0.3340860594136735,0.35869550237139025
289,1776942249.6073396,0.34484218324681293,0.34484218324681293,0.34499848678731926
290,1776942250.1071634,0.3616868910103322,0.3616868910103322,0.34326173316008396
291,1776942250.607381,0.34731899761382473,0.34731899761382473,0.3443961406190067
292,1776942251.1072483,0.39422853512814726,0.39422853512814726,0.3564325332825581
293,1776942251.608113,0.3862765503043321,0.3862765503043321,0.3668706314606899
294,1776942252.108611,0.3683405034778455,0.3683405034778455,0.37157029550689635
295,1776942252.607413,0.35773726044890736,0.35773726044890736,0.3707803693946114
296,1776942253.107302,0.36232000982910095,0.36232000982910095,0.37378057183766666
297,1776942253.6076534,0.3614190701010705,0.3614190701010705,0.3672186788322513
298,1776942254.1074784,0.40284606520808686,0.40284606520808686,0.3705325818130022
299,1776942254.607312,0.3153578731833316,0.3153578731833316,0.3599360557540995
300,1776942255.1076534,0.32515997871592117,0.32515997871592117,0.3534205994075022
301,1776942255.6071112,0.3309923776620363,0.3309923776620363,0.34715507297408926
302,1776942256.1071854,0.36320118698592263,0.36320118698592263,0.3475114963510597
303,1776942256.6073015,0.3707931302618749,0.3707931302618749,0.34110090936181725
304,1776942257.1072035,0.380857969907548,0.380857969907548,0.3542009287066606
305,1776942257.607182,0.3764623261929393,0.3764623261929393,0.36446139820206425
306,1776942258.1073484,0.32333440971208427,0.32333440971208427,0.3629298046120738
307,1776942258.6075106,0.3515678033056215,0.3515678033056215,0.3606031278760136
308,1776942259.1092918,0.33592460145008,0.33592460145008,0.3536294221136546
309,1776942259.6073349,0.33878672079236244,0.33878672079236244,0.3452151722906175
310,1776942260.107278,0.36905522382693307,0.36905522382693307,0.3437337518174163
311,1776942260.6073682,0.5485125828653441,0.5485125828653441,0.38876938644806824
312,1776942261.1072226,0.4640698983961683,0.4640698983961683,0.41126980546617753
313,1776942261.6072307,0.47255060214919786,0.47255060214919786,0.4385950056060011
314,1776942262.1074903,0.475314541657326,0.475314541657326,0.46590056977899386
315,1776942262.6074736,0.48329865862339216,0.48329865862339216,0.48874925673828573
316,1776942263.1081915,0.49857584227535595,0.49857584227535595,0.47876190862028806
317,1776942263.6072302,0.5320630141874998,0.5320630141874998,0.4923605317785544
318,1776942264.1074996,0.5377119201486886,0.5377119201486886,0.5053927953784525
319,1776942264.6072807,0.6269351133075405,0.6269351133075405,0.5357169097084954
320,1776942265.1073332,0.5870769443368773,0.5870769443368773,0.5564725668511924
321,1776942265.6072543,0.577075001347992,0.577075001347992,0.5721723986657196
322,1776942266.1073582,0.5624918314373644,0.5624918314373644,0.5782581621156926
323,1776942266.6087961,0.5558234418899717,0.5558234418899717,0.5818804664639492
324,1776942267.107169,0.545746443994003,0.545746443994003,0.5656427326012416
325,1776942267.60724,0.5444823283786524,0.5444823283786524,0.5571238094095967
326,1776942268.1076257,0.5458587281302797,0.5458587281302797,0.5508805547660541
327,1776942268.6071868,0.436598232783183,0.436598232783183,0.525701835035218
328,1776942269.1071653,0.5043084819030397,0.5043084819030397,0.5153988430378316
329,1776942269.6075757,0.4522851524411212,0.4522851524411212,0.49670658472725526
330,1776942270.107604,0.44008113176488656,0.44008113176488656,0.4758263454045021
331,1776942270.6072292,0.4711167541999423,0.4711167541999423,0.4608779506184345
332,1776942271.1086526,0.4691621789967561,0.4691621789967561,0.4673907398611492
333,1776942271.6075706,0.4767555487449063,0.4767555487449063,0.4618801532295225
334,1776942272.1075552,0.5265980118988407,0.5265980118988407,0.4767427251210664
335,1776942272.6071832,0.4606039085529446,0.4606039085529446,0.48084728047867803
336,1776942273.10754,0.49572158392241394,0.49572158392241394,0.4857682464231723
337,1776942273.6075902,0.5277785804183932,0.5277785804183932,0.4974915267074998
338,1776942274.107563,0.5462281075442634,0.5462281075442634,0.5113860384673712
339,1776942274.6073544,0.5585146633417735,0.5585146633417735,0.5177693687559577
340,1776942275.1075792,0.5776828600476601,0.5776828600476601,0.5411851590549007
341,1776942275.6072521,0.58912828921121,0.58912828921121,0.5598665001126599
342,1776942276.1074908,0.5377024635663974,0.5377024635663974,0.5618512767422608
343,1776942276.6073256,0.5193708898020506,0.5193708898020506,0.5564798331938183
344,1776942277.1088471,0.5093671445889136,0.5093671445889136,0.5466503294432463
345,1776942277.6074178,0.5115323745457013,0.5115323745457013,0.5334202323428546
346,1776942278.1073964,0.5195560945701062,0.5195560945701062,0.5195057934146339
347,1776942278.6071987,0.5123898253605803,0.5123898253605803,0.5144432657734704
348,1776942279.1072187,0.49826079298054493,0.49826079298054493,0.5102212464091692
349,1776942279.60736,0.542574734614627,0.542574734614627,0.516862764414312
350,1776942280.107278,0.5506085629924242,0.5506085629924242,0.5246780021036566
351,1776942280.6071734,0.5481499354581232,0.5481499354581232,0.53039677028126
352,1776942281.107291,0.5396804024351076,0.5396804024351076,0.5358548856961654
353,1776942281.6072674,0.5241954240132143,0.5241954240132143,0.5410418119026993
354,1776942282.1071765,0.5014714346596765,0.5014714346596765,0.5328211519117092
355,1776942282.607231,0.48561052440398034,0.48561052440398034,0.5198215441940203
356,1776942283.1075056,0.4832813365013339,0.4832813365013339,0.5068478244026624
357,1776942283.6074123,0.4828750429539935,0.4828750429539935,0.49548675250643975
358,1776942284.1073365,0.5032911095298608,0.5032911095298608,0.49130588960976895
359,1776942284.6081626,0.5054611690968775,0.5054611690968775,0.4921038364972093
360,1776942285.1088521,0.5011078047668831,0.5011078047668831,0.4952032925697898
361,1776942285.608942,0.48121557320494857,0.48121557320494857,0.49479013991051274
362,1776942286.1071475,0.49664534185326864,0.49664534185326864,0.4975441996903678
363,1776942286.6090066,0.5061276720115763,0.5061276720115763,0.49811151218671085
364,1776942287.1074893,0.4891812625641847,0.4891812625641847,0.49485553088017226
365,1776942287.607464,0.4761978868780493,0.4761978868780493,0.4898735473024055
366,1776942288.1073406,0.481379385986982,0.481379385986982,0.4899063098588122
367,1776942288.6076317,0.4793810589373483,0.4793810589373483,0.48645345327562806
368,1776942289.107282,0.461563386736649,0.461563386736649,0.47754059622064265
369,1776942289.6072338,0.4696376921758579,0.4696376921758579,0.4736318821429773
370,1776942290.1071703,0.49237598053895765,0.49237598053895765,0.47686750087515895
371,1776942290.6073668,0.50886184224191,0.50886184224191,0.48236399212614456
372,1776942291.10762,0.514939063946397,0.514939063946397,0.4894755931279543
373,1776942291.6075485,0.5134047652754853,0.5134047652754853,0.49984386883572157
374,1776942292.107496,0.5234696091442936,0.5234696091442936,0.5106102522294087
375,1776942292.6074812,0.5154325210823512,0.5154325210823512,0.5152215603380874
376,1776942293.1074936,0.5054284915824606,0.5054284915824606,0.5145348902061976
377,1776942293.6072013,0.4706942048775963,0.4706942048775963,0.5056859183924374
378,1776942294.1073918,0.49595823646118664,0.49595823646118664,0.5021966126295776
379,1776942294.6071663,0.5352719956770369,0.5352719956770369,0.5045570899361262
380,1776942295.1071482,0.5353565518807758,0.5353565518807758,0.5085418960958112
381,1776942295.607584,0.500273821188973,0.500273821188973,0.5075109620171137
382,1776942296.1071537,0.4993823662131347,0.4993823662131347,0.5132485942842215
383,1776942296.6073236,0.49048322071251926,0.49048322071251926,0.5121535911344879
384,1776942297.1072018,0.5397577270264149,0.5397577270264149,0.5130507374043635
385,1776942297.6072261,0.5415150767547663,0.5415150767547663,0.5142824423791617
386,1776942298.1075013,0.5056063970921771,0.5056063970921771,0.5153489575598025
387,1776942298.6076488,0.535516366832345,0.535516366832345,0.5225757576836445
388,1776942299.107627,0.49805235649479285,0.49805235649479285,0.5240895848400993
389,1776942299.607514,0.5381619899681955,0.5381619899681955,0.5237704374284553
390,1776942300.1072438,0.5361517334061768,0.5361517334061768,0.5226977687587375
391,1776942300.6070879,0.5137257622013343,0.5137257622013343,0.524321641780569
392,1776942301.1083581,0.5120863196327192,0.5120863196327192,0.5196356323406437
393,1776942301.6088128,0.503888644528754,0.503888644528754,0.5208028899474361
394,1776942302.107273,0.5268406078760292,0.5268406078760292,0.5185386135290027
395,1776942302.607174,0.5072594145592196,0.5072594145592196,0.5127601497596113
396,1776942303.1074197,0.4935330658977086,0.4935330658977086,0.5087216104988862
397,1776942303.607238,0.4916764268490855,0.4916764268490855,0.5046396319421593
398,1776942304.1083236,0.49669194298268216,0.49669194298268216,0.503200291632945
399,1776942304.6075153,0.5020722363654384,0.5020722363654384,0.49824661733082676
400,1776942305.1073694,0.5040275755875584,0.5040275755875584,0.49760024953649457
401,1776942305.6075447,0.5191963376076935,0.5191963376076935,0.5027329038784916
402,1776942306.1073525,0.5089474223681135,0.5089474223681135,0.5061871029822972
403,1776942306.6075003,0.49121727524027503,0.49121727524027503,0.5050921694338157
404,1776942307.1072538,0.5062455870241507,0.5062455870241507,0.5059268395655583
405,1776942307.607592,0.5019997275097368,0.5019997275097368,0.5055212699499938
406,1776942308.1083825,0.523799474432687,0.523799474432687,0.5064418973149927
407,1776942308.6075993,0.5116061651791741,0.5116061651791741,0.5069736458772047
408,1776942309.1075537,0.5045585761367832,0.5045585761367832,0.5096419060565063
409,1776942309.607589,0.5194483728076972,0.5194483728076972,0.5122824632132157
410,1776942310.1086195,0.5155450155548817,0.5155450155548817,0.5149915208222446
411,1776942310.60758,0.5222896419934266,0.5222896419934266,0.5146895543343926
412,1776942311.1084206,0.5184974274962738,0.5184974274962738,0.5160678067978125
413,1776942311.607612,0.5188520224590213,0.5188520224590213,0.5189264960622602
414,1776942312.107751,0.5278455756193076,0.5278455756193076,0.5206059366245822
415,1776942312.609225,0.5506976554868598,0.5506976554868598,0.5276364646109778
416,1776942313.1072886,0.5520865555783138,0.5520865555783138,0.5335958473279552
417,1776942313.6073058,0.5371916649590307,0.5371916649590307,0.5373346948205067
418,1776942314.1072261,0.5972139730977953,0.5972139730977953,0.5530070849482615
419,1776942314.6072404,0.5876099530132979,0.5876099530132979,0.5649599604270594
420,1776942315.107361,0.5668531385408768,0.5668531385408768,0.5681910570378628
421,1776942315.6074986,0.5571735420037238,0.5571735420037238,0.569208454322945
422,1776942316.1074889,0.5391541636277903,0.5391541636277903,0.5696009540566969
423,1776942316.6070883,0.5500902452593466,0.5500902452593466,0.5601762084890071
424,1776942317.107331,0.5585082226221874,0.5585082226221874,0.5543558624107849
425,1776942317.6076028,0.5385227841557054,0.5385227841557054,0.5486897915337506
426,1776942318.1071634,0.5469722041676874,0.5469722041676874,0.5466495239665434
427,1776942318.6080737,0.5444044763657373,0.5444044763657373,0.5476995865141328
428,1776942319.1094522,0.5213337138055902,0.5213337138055902,0.5419482802233816
429,1776942319.6072023,0.5267595429601455,0.5267595429601455,0.5355985442909732
430,1776942320.1083124,0.5126171142931509,0.5126171142931509,0.5304174103184622
431,1776942320.6075,0.5261601914656389,0.5261601914656389,0.5262550077780526
432,1776942321.107332,0.40099014540103417,0.40099014540103417,0.49757214158511187
433,1776942321.6082687,0.34493440862115177,0.34493440862115177,0.46229228054822424
434,1776942322.108901,0.32853035560386323,0.32853035560386323,0.42264644307696775
435,1776942322.6076958,0.32938782728050353,0.32938782728050353,0.3860005856744383
436,1776942323.1088574,0.3307154280036944,0.3307154280036944,0.3469116329820494
437,1776942323.607479,0.3319476825938557,0.3319476825938557,0.33310314042061373
438,1776942324.1086438,0.3197032839533571,0.3197032839533571,0.3280569154870548
439,1776942324.608772,0.3880880407841214,0.3880880407841214,0.3399684525231064
440,1776942325.1071844,0.474696386900383,0.474696386900383,0.3690301644470823
441,1776942325.6074016,0.47058878645255914,0.47058878645255914,0.3970048361368553
442,1776942326.1071696,0.48630551218244505,0.48630551218244505,0.4278764020545731
443,1776942326.6071053,0.4684778767339011,0.4684778767339011,0.45763132061068196
444,1776942327.1077783,0.4851814732817774,0.4851814732817774,0.47705000711021317
445,1776942327.6088588,0.4733341791521216,0.4733341791521216,0.47677756556056083
446,1776942328.10731,0.43506752014722555,0.43506752014722555,0.46967331229949416
447,1776942328.6073797,0.4260260515881934,0.4260260515881934,0.45761742018064383
448,1776942329.107159,0.4427857775286354,0.4427857775286354,0.4524790003395907
449,1776942329.6083295,0.48456307231179113,0.48456307231179113,0.45235532014559343
450,1776942330.1073563,0.4866998679134572,0.4866998679134572,0.4550284578978605
451,1776942330.6074681,0.42886518934525075,0.42886518934525075,0.45378799173746553
452,1776942331.1081588,0.4829992746291572,0.4829992746291572,0.46518263634565826
453,1776942331.6075077,0.4741466382380656,0.4741466382380656,0.4714548084875444
454,1776942332.107481,0.45344421817656666,0.45344421817656666,0.4652310376604995
455,1776942332.6071997,0.42743308015664466,0.42743308015664466,0.453377680109137
456,1776942333.1072721,0.42003977070363774,0.42003977070363774,0.4516125963808144
457,1776942333.6070395,0.4289157410278302,0.4289157410278302,0.44079588966054895
458,1776942334.108802,0.4371612122134,0.4371612122134,0.43339880445561585
459,1776942334.6072383,0.4359540854965671,0.4359540854965671,0.42990077791961595
460,1776942335.1070254,0.4275677674339632,0.4275677674339632,0.4299277153750796
461,1776942335.6085384,0.43132987516796123,0.43132987516796123,0.4321857362679443
462,1776942336.1072555,0.4476308155226556,0.4476308155226556,0.4359287511669095
463,1776942336.6074378,0.44005077553100413,0.44005077553100413,0.43650666383043024
464,1776942337.10724,0.43221394489883647,0.43221394489883647,0.43575863571088413
465,1776942337.607518,0.4307632016581948,0.4307632016581948,0.43639772255573045
466,1776942338.1094244,0.4235367133993972,0.4235367133993972,0.4348390902020176
467,1776942338.6073225,0.4158480401202758,0.4158480401202758,0.4284825351215417
468,1776942339.1092043,0.40106429308749536,0.40106429308749536,0.4206852386328399
469,1776942339.6071606,0.4277299823190439,0.4277299823190439,0.4197884461168814
470,1776942340.1095147,0.4242387377363943,0.4242387377363943,0.4184835533325213
471,1776942340.6083398,0.43640252410226166,0.43640252410226166,0.4210567154730942
472,1776942341.1073592,0.4085369317940498,0.4085369317940498,0.419594493807849
473,1776942341.6082692,0.3784385834354054,0.3784385834354054,0.415069351877431
474,1776942342.1074784,0.3616260516973685,0.3616260516973685,0.40184856575309597
475,1776942342.607164,0.4041028131198396,0.4041028131198396,0.39782138082978497
476,1776942343.107348,0.3956021602818838,0.3956021602818838,0.3896613080657094
477,1776942343.6074197,0.3944620506600893,0.3944620506600893,0.3868463318389173
478,1776942344.1071842,0.4147793506083556,0.4147793506083556,0.39411448527350734
479,1776942344.6072478,0.3984420124632422,0.3984420124632422,0.40147767742668206
480,1776942345.1073873,0.38369306464440817,0.38369306464440817,0.3973957277315958
481,1776942345.607562,0.3913952778681805,0.3913952778681805,0.39655435124885513
482,1776942346.1072378,0.4000160423303276,0.4000160423303276,0.3976651495829028
483,1776942346.6076267,0.4221377940674882,0.4221377940674882,0.39913683827472934
484,1776942347.1074007,0.42895882599427715,0.42895882599427715,0.40524020098093627
485,1776942347.6074004,0.4293621537917589,0.4293621537917589,0.4143740188104065
486,1776942348.1071708,0.44071983576771534,0.44071983576771534,0.42423893039031346
487,1776942348.6073308,0.4357505500073794,0.4357505500073794,0.43138583192572383
488,1776942349.1071982,0.4167957758605535,0.4167957758605535,0.43031742828433683
489,1776942349.6072202,0.418207314050548,0.418207314050548,0.428167125895591
490,1776942350.1072965,0.3897648167689755,0.3897648167689755,0.4202476584910343
491,1776942350.607264,0.3967432041755944,0.3967432041755944,0.4114523321726102
492,1776942351.1088748,0.37877534071442565,0.37877534071442565,0.4000572903140194
493,1776942351.6090205,0.3772694821023137,0.3772694821023137,0.3921520315623715
494,1776942352.1073556,0.31506005678734944,0.31506005678734944,0.3715225801097317
495,1776942352.6075287,0.3182379333899508,0.3182379333899508,0.3572172034339268
496,1776942353.107456,0.3240469177226362,0.3240469177226362,0.34267794614333513
497,1776942353.6071117,0.33236740096316314,0.33236740096316314,0.33339635819308266
498,1776942354.1073744,0.3602859708051283,0.3602859708051283,0.3299996559336456
499,1776942354.607387,0.357084509811921,0.357084509811921,0.3384045465385599
500,1776942355.1071858,0.38582570371812763,0.38582570371812763,0.35192210060419526
501,1776942355.6075313,0.3999196174252221,0.3999196174252221,0.36709664054471247
502,1776942356.107562,0.3978733968424152,0.3978733968424152,0.38019783972056287
503,1776942356.6072705,0.40332974596768467,0.40332974596768467,0.3888065947530741
504,1776942357.107194,0.3904010486571176,0.3904010486571176,0.39546990252211345
505,1776942357.6072226,0.36873689915109514,0.36873689915109514,0.39205214160870694
506,1776942358.1074266,0.39894223794641936,0.39894223794641936,0.3918566657129464
507,1776942358.607234,0.3800914554876493,0.3800914554876493,0.3883002774419932
508,1776942359.1072326,0.3712140766889269,0.3712140766889269,0.3818771435862417
509,1776942359.6073096,0.3711125057890547,0.3711125057890547,0.3780194350126291
510,1776942360.1070943,0.3612844545347589,0.3612844545347589,0.3765289460893618
511,1776942360.6071615,0.4057033955162784,0.4057033955162784,0.3778811776033336
512,1776942361.1075711,0.45199162476513965,0.45199162476513965,0.3922612114588317
513,1776942361.6076174,0.4390058113303581,0.4390058113303581,0.4058195583871179
514,1776942362.1070266,0.446249071852562,0.446249071852562,0.42084687159981937
515,1776942362.6076102,0.4087381828386645,0.4087381828386645,0.4303376172606005
516,1776942363.1073778,0.4438267893398721,0.4438267893398721,0.4379622960253193
517,1776942363.607231,0.43112277040646435,0.43112277040646435,0.4337885251535842
518,1776942364.1075413,0.43620558503472284,0.43620558503472284,0.4332284798944571
519,1776942364.607527,0.42328939229449686,0.42328939229449686,0.4286365439828441
520,1776942365.1073134,0.41573642456806637,0.41573642456806637,0.4300361923287245
521,1776942365.6072206,0.4066086324007332,0.4066086324007332,0.4225925609408968
522,1776942366.1072617,0.3996078266202983,0.3996078266202983,0.4162895721836636
523,1776942366.6072648,0.3907348502023684,0.3907348502023684,0.4071954252171926
524,1776942367.1074147,0.4135000285338252,0.4135000285338252,0.4052375524650583
525,1776942367.6074932,0.4036881998942816,0.4036881998942816,0.4028279075303013
526,1776942368.1076515,0.40800850214599604,0.40800850214599604,0.40310788147935395
527,1776942368.607258,0.4166408911148976,0.4166408911148976,0.4065144943782738
528,1776942369.1070042,0.41979759304145836,0.41979759304145836,0.4123270429460918
529,1776942369.6070266,0.4464415293253622,0.4464415293253622,0.41891534310439915
530,1776942370.1070704,0.46295784112125304,0.46295784112125304,0.43076927134979337
531,1776942370.6073613,0.44751812279008885,0.44751812279008885,0.43867119547861194
532,1776942371.1070743,0.44827352251733543,0.44827352251733543,0.4449977217590996
533,1776942371.607524,0.4594688761740807,0.4594688761740807,0.45293197838562405
534,1776942372.107534,0.4529724499018295,0.4529724499018295,0.4542381625009175
535,1776942372.6074507,0.4395455674522697,0.4395455674522697,0.4495557077671208
536,1776942373.107411,0.44313108995062905,0.44313108995062905,0.4486783011992289
537,1776942373.6074405,0.428166451289567,0.428166451289567,0.4446568869536752
538,1776942374.1073282,0.42541916818752123,0.42541916818752123,0.43784694535636337
539,1776942374.607325,0.4462213526892449,0.4462213526892449,0.43649672591384636
540,1776942375.1074529,0.43168757823292603,0.43168757823292603,0.43492512806997763
541,1776942375.6071782,0.42682514277557704,0.42682514277557704,0.43166393863496727
542,1776942376.1071103,0.43135560168464887,0.43135560168464887,0.43230176871398357
543,1776942376.6078618,0.41597750783179255,0.41597750783179255,0.4304134366428379
544,1776942377.1073925,0.44583526277237273,0.44583526277237273,0.4303362186594635
545,1776942377.60728,0.415055029287969,0.415055029287969,0.42700970887047196
546,1776942378.1073787,0.40493352935027915,0.40493352935027915,0.4226313861854125
547,1776942378.6072843,0.4191916697164513,0.4191916697164513,0.42019859979177293
548,1776942379.107986,0.431445625275396,0.431445625275396,0.42329222328049365
549,1776942379.6082172,0.4355976358146195,0.4355976358146195,0.421244697888943
550,1776942380.107324,0.4651178618561664,0.4651178618561664,0.4312572644025824
551,1776942380.6091707,0.46883289761980745,0.46883289761980745,0.44403713805648815
552,1776942381.1072302,0.48708149300545295,0.48708149300545295,0.45761510271428846
553,1776942381.6073682,0.4973942267468656,0.4973942267468656,0.4708048230085824
554,1776942382.1072786,0.5272520387607462,0.5272520387607462,0.48913570359780767
555,1776942382.6085632,0.5211659371859036,0.5211659371859036,0.5003453186637552
556,1776942383.109209,0.5229909555415695,0.5229909555415695,0.5111769302481075
557,1776942383.6081152,0.4284033995553573,0.4284033995553573,0.4994413115580884
558,1776942384.1085918,0.4492989787318128,0.4492989787318128,0.48982226195507794
559,1776942384.6086051,0.46440765342314055,0.46440765342314055,0.47725338488755675
560,1776942385.1080835,0.47182164342810423,0.47182164342810423,0.4673845261359969
561,1776942385.6080866,0.47209702243051577,0.47209702243051577,0.4572057395137861
562,1776942386.108324,0.4670368124025185,0.4670368124025185,0.4649324220832184
563,1776942386.6098957,0.45351651730695297,0.45351651730695297,0.4657759297982464
564,1776942387.1102457,0.5593026221251132,0.5593026221251132,0.48475492353864097
565,1776942387.6076326,0.5655037254013147,0.5655037254013147,0.503491339933283
566,1776942388.1071873,0.49706655002194705,0.49706655002194705,0.5084852454515693
567,1776942388.6072574,0.4396729188162011,0.4396729188162011,0.5030124667343058
568,1776942389.1074698,0.3997801143622699,0.3997801143622699,0.49226518614536924
569,1776942389.6074262,0.4272531289688223,0.4272531289688223,0.465855287514111
570,1776942390.1071913,0.4042207365813405,0.4042207365813405,0.4335986897501162
571,1776942390.6070817,0.40154983975240854,0.40154983975240854,0.4144953476962085
572,1776942391.109126,0.3639009569345678,0.3639009569345678,0.3993409553198818
573,1776942391.607355,0.4209340864522224,0.4209340864522224,0.4035717497378723
574,1776942392.1070588,0.38545083345410974,0.38545083345410974,0.39521129063492977
575,1776942392.6074717,0.3880469144787237,0.3880469144787237,0.3919765262144065
576,1776942393.1073728,0.38204720171923123,0.38204720171923123,0.388075998607771
577,1776942393.6073189,0.3861108133022819,0.3861108133022819,0.3925179698813138
578,1776942394.1072745,0.3337494995943135,0.3337494995943135,0.375081052509732
579,1776942394.607171,0.3418626596062874,0.3418626596062874,0.36636341774016756
580,1776942395.1071165,0.32365720563036404,0.32365720563036404,0.3534854759704956
581,1776942395.6075745,0.36109945561922857,0.36109945561922857,0.3492959267504951
582,1776942396.1075914,0.38889932994796456,0.38889932994796456,0.34985363007963166
583,1776942396.6074562,0.40161206883536893,0.40161206883536893,0.3634261439278427
584,1776942397.1072063,0.39076765554113413,0.39076765554113413,0.373207143114812
585,1776942397.6088998,0.46978489878750024,0.46978489878750024,0.4024326817462393
586,1776942398.1071901,0.49156836865928744,0.49156836865928744,0.42852646435425107
587,1776942398.6071427,0.5001071550710763,0.5001071550710763,0.45076802937887345
588,1776942399.1071856,0.5057302792555513,0.5057302792555513,0.4715916714629099
589,1776942399.6072536,0.5083161829746794,0.5083161829746794,0.4951013769496189
590,1776942400.107129,0.5179853533387616,0.5179853533387616,0.5047414678598712
591,1776942400.608853,0.47813313706700045,0.47813313706700045,0.5020544215414138
592,1776942401.10737,0.4549246054047291,0.4549246054047291,0.4930179116081444
593,1776942401.6075585,0.4524234285169444,0.4524234285169444,0.48235654146042306
594,1776942402.107227,0.4600246884056893,0.4600246884056893,0.47269824254662496
595,1776942402.6074066,0.45228806485126594,0.45228806485126594,0.45955878484912577
596,1776942403.1073203,0.46040997113764287,0.46040997113764287,0.4560141516632544
597,1776942403.607416,0.45075621683754585,0.45075621683754585,0.4551804739498177
598,1776942404.1074288,0.44160308409425414,0.44160308409425414,0.45301640506527957
599,1776942404.60727,0.44992976586653144,0.44992976586653144,0.45099742055744807
600,1776942405.1087077,0.4553384749470551,0.4553384749470551,0.4516075025766059
601,1776942405.6070857,0.4789656375689786,0.4789656375689786,0.455318635862873
602,1776942406.1075978,0.5352660553382901,0.5352660553382901,0.47222060356302187
603,1776942406.607162,0.5405995357892948,0.5405995357892948,0.49201989390203005
604,1776942407.1074784,0.5325955789851413,0.5325955789851413,0.5085530565257519
605,1776942407.6076417,0.5059088772266981,0.5059088772266981,0.5186671369816805
606,1776942408.107282,0.5231252794301771,0.5231252794301771,0.5274990653539203
607,1776942408.6073408,0.5373339433449122,0.5373339433449122,0.5279126429552446
608,1776942409.1071022,0.5385701014636415,0.5385701014636415,0.5275067560901141
609,1776942409.6070213,0.5433530763132122,0.5433530763132122,0.5296582555557283
610,1776942410.1072688,0.583872788558171,0.583872788558171,0.5452510378220229
611,1776942410.607449,0.6002039470793691,0.6002039470793691,0.5606667713518612
612,1776942411.1084375,0.6352947310906403,0.6352947310906403,0.5802589289010068
613,1776942411.60851,0.6301252245961892,0.6301252245961892,0.5985699535275163
614,1776942412.109255,0.6151772825288678,0.6151772825288678,0.6129347947706475
615,1776942412.6073124,0.5836559846978182,0.5836559846978182,0.6128914339985769
616,1776942413.1070495,0.5908502470501835,0.5908502470501835,0.6110206939927398
617,1776942413.609347,0.5726457818647732,0.5726457818647732,0.5984909041475663
618,1776942414.1070657,0.5568480601318718,0.5568480601318718,0.5838354712547029
619,1776942414.6075356,0.5353518519872458,0.5353518519872458,0.5678703851463786
620,1776942415.107305,0.5552925819304909,0.5552925819304909,0.562197704592913
621,1776942415.6074007,0.5764693026702907,0.5764693026702907,0.5593215157169344
622,1776942416.1083374,0.5973609160441373,0.5973609160441373,0.5642645425528073
623,1776942416.6074154,0.6323797461446135,0.6323797461446135,0.5793708797553556
624,1776942417.1073482,0.6440707520932063,0.6440707520932063,0.6011146597765478
625,1776942417.6075342,0.6953996941747915,0.6953996941747915,0.629136082225408
626,1776942418.107134,0.7619595013409834,0.7619595013409834,0.6662341219595465
627,1776942418.6071386,0.7698264906817418,0.7698264906817418,0.7007272368870673
628,1776942419.107291,0.8177005104157173,0.8177005104157173,0.737791389741288
629,1776942419.6071348,0.8346121722005724,0.8346121722005724,0.7758996737627613
630,1776942420.1072326,0.8645811685910798,0.8645811685910798,0.8097359686460189
631,1776942420.6073394,0.8878781939762991,0.8878781939762991,0.8349197071730821
632,1776942421.1070912,0.8947396359083921,0.8947396359083921,0.8599023362184122
633,1776942421.6075006,0.898269899572028,0.898269899572028,0.8760162140496742
634,1776942422.10713,0.9135071817881584,0.9135071817881584,0.8917952159671915
635,1776942422.607626,0.9069048574442721,0.9069048574442721,0.90025995373783
636,1776942423.1071284,0.9391324278065126,0.9391324278065126,0.9105108005038727
637,1776942423.607077,0.8873319514905872,0.8873319514905872,0.9090292636203117
638,1776942424.108863,0.8664101059614862,0.8664101059614862,0.9026573048982034
639,1776942424.607259,0.8838502636317491,0.8838502636317491,0.8967259212669214
640,1776942425.1073337,0.9114798867566989,0.9114798867566989,0.8976409271294068
641,1776942425.6074665,0.8817381427615303,0.8817381427615303,0.8861620701204103
642,1776942426.1071959,0.880891681819778,0.880891681819778,0.8848740161862484
643,1776942426.607109,0.8740688825799776,0.8740688825799776,0.8864057715099468
644,1776942427.1073203,0.8784756620525216,0.8784756620525216,0.8853308511941013
645,1776942427.6070948,0.8486634538114083,0.8486634538114083,0.8727675646050432
646,1776942428.1072867,0.8464900432501913,0.8464900432501913,0.8657179447027753
647,1776942428.6071372,0.8537982104195884,0.8537982104195884,0.8602992504227375
648,1776942429.107248,0.905518412655621,0.905518412655621,0.8665891564378662
649,1776942429.6073627,0.9179995899210972,0.9179995899210972,0.8744939420115813
650,1776942430.1072085,0.9160070044959656,0.9160070044959656,0.8879626521484927
651,1776942430.6074798,0.9939351706188295,0.9939351706188295,0.9174516776222204
652,1776942431.1077383,1.0060985064198482,1.0,0.9466920355383028
653,1776942431.6074078,1.016439565263936,1.0,0.9655883530071785
654,1776942432.1072342,0.9878769981440612,0.9878769981440612,0.9795638346517712
655,1776942432.607453,0.936100545913781,0.936100545913781,0.9835825429353344
656,1776942433.107536,0.9148031423503179,0.9148031423503179,0.9677561372816321
657,1776942433.607232,0.9100877573068546,0.9100877573068546,0.9497736887430029
658,1776942434.1071537,0.9281277882184321,0.9281277882184321,0.9353992463866894
659,1776942434.6075194,0.8958069099849737,0.8958069099849737,0.9169852287548718
660,1776942435.107265,0.9335262892872075,0.9335262892872075,0.9164703774295571
661,1776942435.6074152,0.9172988390888658,0.9172988390888658,0.9169695167772668
662,1776942436.107442,0.9800373531228229,0.9800373531228229,0.9309594359404605
663,1776942436.6073234,1.0139152109240608,1.0,0.945333878296774
664,1776942437.1071684,0.9671711318303711,0.9671711318303711,0.9596067226658533
665,1776942437.6073985,0.9582584600053925,0.9582584600053925,0.9645531568094905
666,1776942438.109403,0.9576330980327563,0.9576330980327563,0.9726200085982686
667,1776942438.60742,1.0037015847544746,1.0,0.9766125379737041
668,1776942439.1072545,1.0273195715489323,1.0,0.9766125379737041
669,1776942439.6088545,1.0381357431499367,1.0,0.9831783116076298
670,1776942440.107557,1.0796746622961264,1.0,0.9915266196065513
671,1776942440.6072345,1.0706076089299685,1.0,1.0
672,1776942441.1072533,1.1036045602329487,1.0,1.0
673,1776942441.6089365,1.1250264736027027,1.0,1.0
674,1776942442.1076062,1.1534558625723283,1.0,1.0
675,1776942442.607179,1.1443742001038746,1.0,1.0
676,1776942443.1072326,1.105781319409882,1.0,1.0
677,1776942443.6075637,1.1087947777925762,1.0,1.0
678,1776942444.1073031,1.1093802605850627,1.0,1.0
679,1776942444.6074836,1.0791119524743042,1.0,1.0
680,1776942445.1074445,1.0519076773636207,1.0,1.0
681,1776942445.6072047,1.0424646419771786,1.0,1.0
682,1776942446.1075182,1.0233468190314945,1.0,1.0
683,1776942446.6072547,1.025383780248294,1.0,1.0
684,1776942447.1073692,1.0049032469625987,1.0,1.0
685,1776942447.6072917,1.0068033299163286,1.0,1.0
686,1776942448.1074708,1.0248712908644382,1.0,1.0
687,1776942448.6091154,1.0341600972607838,1.0,1.0
688,1776942449.107459,1.0233932460123758,1.0,1.0
689,1776942449.60743,1.0301381294784626,1.0,1.0
690,1776942450.1084924,1.0744533786972021,1.0,1.0
691,1776942450.6073031,1.052590592860866,1.0,1.0
692,1776942451.107463,1.034530216880026,1.0,1.0
693,1776942451.6076002,1.0043778968954926,1.0,1.0
694,1776942452.107588,0.9888767507514212,0.9888767507514212,0.9977753501502843
695,1776942452.6072104,1.0133899384849505,1.0,0.9977753501502843
696,1776942453.1074884,1.0172932510710289,1.0,0.9977753501502843
697,1776942453.60737,1.0436503419456606,1.0,0.9977753501502843
698,1776942454.107552,1.050404808442408,1.0,0.9977753501502843
699,1776942454.6073408,1.0483108967876786,1.0,1.0
700,1776942455.107646,1.0424860661160993,1.0,1.0
701,1776942455.60729,1.072992627303496,1.0,1.0
702,1776942456.1072373,1.089256230961415,1.0,1.0
703,1776942456.6073554,1.0721951579627502,1.0,1.0
704,1776942457.109385,1.032527236696473,1.0,1.0
705,1776942457.6073859,1.0085587435122885,1.0,1.0
706,1776942458.1075706,1.0100002296786097,1.0,1.0
707,1776942458.607253,1.027724084735095,1.0,1.0
708,1776942459.1075492,0.9913973559104184,0.9913973559104184,0.9982794711820837
709,1776942459.6076534,0.9492285734801384,0.9492285734801384,0.9881251858781115
710,1776942460.1075933,0.9605011792439129,0.9605011792439129,0.980225421726894
711,1776942460.607268,0.9607176567429669,0.9607176567429669,0.9723689530754875
712,1776942461.107949,1.0092428596632121,1.0,0.9723689530754873
713,1776942461.607531,1.0389862617867007,1.0,0.9740894818934036
714,1776942462.1074426,1.0438406987727458,1.0,0.9842437671973758
715,1776942462.6071095,1.0331871905700707,1.0,0.9921435313485933
716,1776942463.1072133,1.02502477639678,1.0,1.0
717,1776942463.607382,1.008226669654201,1.0,1.0
718,1776942464.1074734,1.0339639077262812,1.0,1.0
719,1776942464.6076264,1.0342969229097347,1.0,1.0
720,1776942465.1074793,1.0398390309556265,1.0,1.0
721,1776942465.6072636,1.056816137335987,1.0,1.0
722,1776942466.1071565,1.0775133683850626,1.0,1.0
723,1776942466.6076493,1.0796922223427678,1.0,1.0
724,1776942467.1074717,1.0815971564847802,1.0,1.0
725,1776942467.6070895,1.0442277943191574,1.0,1.0
726,1776942468.1074495,1.0130896919021195,1.0,1.0
727,1776942468.6072903,1.0053752793857906,1.0,1.0
728,1776942469.1094368,1.0091007279670579,1.0,1.0
729,1776942469.6075287,0.9964159964611319,0.9964159964611319,0.9992831992922264
730,1776942470.1074216,1.0095995887631637,1.0,0.9992831992922264
731,1776942470.6072373,1.0191667698703628,1.0,0.9992831992922264
732,1776942471.1072521,0.9968961511901339,0.9968961511901339,0.9986624295302532
733,1776942471.6075432,0.9825460036178736,0.9825460036178736,0.9951716302538278
734,1776942472.1074486,1.0570333459634402,1.0,0.9958884309616014
735,1776942472.60745,1.0161583193597035,1.0,0.9958884309616014
736,1776942473.1073396,1.0013064171937731,1.0,0.9958884309616014
737,1776942473.6075027,0.9622872587152538,0.9622872587152538,0.9889666524666255
738,1776942474.1071663,1.0131135281664827,1.0,0.9924574517430507
739,1776942474.6077552,1.04513388211899,1.0,0.9924574517430507
740,1776942475.1071808,1.036094338286284,1.0,0.9924574517430507
741,1776942475.6075819,1.0698840046673945,1.0,0.9924574517430507
742,1776942476.1073167,1.1018495005003668,1.0,1.0
743,1776942476.6072752,1.0994481577918522,1.0,1.0
744,1776942477.1072261,1.101401569216958,1.0,1.0
745,1776942477.6073155,1.0192726684029925,1.0,1.0
746,1776942478.1070433,1.0396750892990245,1.0,1.0
747,1776942478.6071732,1.0762763305170955,1.0,1.0
748,1776942479.1077313,1.0477687366769266,1.0,1.0
749,1776942479.6085749,1.0147007499641116,1.0,1.0
750,1776942480.1073573,1.0417634238968452,1.0,1.0
751,1776942480.6070921,1.0523165206749017,1.0,1.0
752,1776942481.1073108,1.0640787690526483,1.0,1.0
753,1776942481.6071098,1.0371560539089966,1.0,1.0
754,1776942482.1070852,1.0351457158108828,1.0,1.0
755,1776942482.6077054,1.0176674929265546,1.0,1.0
756,1776942483.1074474,1.0410995945304498,1.0,1.0
757,1776942483.6080303,1.021974517046051,1.0,1.0
758,1776942484.107179,1.0274738929074818,1.0,1.0
759,1776942484.6077387,1.0138634049995079,1.0,1.0
760,1776942485.1072438,1.0210167746645624,1.0,1.0
761,1776942485.6074426,1.035620646139303,1.0,1.0
762,1776942486.10763,1.0639103065727675,1.0,1.0
763,1776942486.6071048,1.050779299441021,1.0,1.0
764,1776942487.1075294,1.0691110592893458,1.0,1.0
765,1776942487.6071925,1.0600180790818177,1.0,1.0
766,1776942488.107141,1.0482085684042328,1.0,1.0
767,1776942488.6075265,1.0351211492017873,1.0,1.0
768,1776942489.1075325,1.0357580465055882,1.0,1.0
769,1776942489.6070848,1.0382569977901834,1.0,1.0
770,1776942490.1075366,1.0347778774494238,1.0,1.0
771,1776942490.6071746,1.0129290782078488,1.0,1.0
772,1776942491.1087077,1.0069567507758783,1.0,1.0
773,1776942491.607586,1.0160624953132649,1.0,1.0
774,1776942492.107609,0.9403490865301203,0.9403490865301203,0.9880698173060241
775,1776942492.6072044,0.9237179108983304,0.9237179108983304,0.97281339948569
776,1776942493.1075757,0.9289028285599817,0.9289028285599817,0.9585939651976865
777,1776942493.6089175,0.9346884672948608,0.9346884672948608,0.9455316586566587
778,1776942494.1072419,0.9371017848936383,0.9371017848936383,0.9329520156353863
779,1776942494.6084263,0.9508701569656675,0.9508701569656675,0.9350562297224958
780,1776942495.1072729,0.9425391428298158,0.9425391428298158,0.9388204761087927
781,1776942495.6077156,1.0420142401476438,1.0,0.9530399103967964
782,1776942496.1072388,1.0417933328603728,1.0,0.9661022169378242
783,1776942496.6073241,1.0208714560098926,1.0,0.9786818599590965
784,1776942497.1071792,1.0081223383497453,1.0,0.9885078285659631
785,1776942497.6080496,1.0085447156602305,1.0,1.0
786,1776942498.1071644,1.0160631638385813,1.0,1.0
787,1776942498.6071699,1.0183358744396513,1.0,1.0
788,1776942499.1072152,0.9972374392261589,0.9972374392261589,0.9994474878452317
789,1776942499.6075437,1.001602458702509,1.0,0.9994474878452317
790,1776942500.1071954,1.0175660220745848,1.0,0.9994474878452317
791,1776942500.6077404,1.0146166481333978,1.0,0.9994474878452317
792,1776942501.1086156,1.0112279043226626,1.0,0.9994474878452317
793,1776942501.6071818,1.0432967980240342,1.0,1.0
794,1776942502.1082006,1.0284946934785142,1.0,1.0
795,1776942502.607093,1.0190697158638837,1.0,1.0
796,1776942503.1081865,1.029041993627363,1.0,1.0
797,1776942503.6074882,1.0460660252084635,1.0,1.0
798,1776942504.1093607,1.076312182188826,1.0,1.0
799,1776942504.6072094,1.0155874316190845,1.0,1.0
800,1776942505.1074626,0.9560761871876584,0.9560761871876584,0.9912152374375317
801,1776942505.607281,0.9777430636121635,0.9777430636121635,0.9867638501599645
802,1776942506.1090252,0.9486535888914174,0.9486535888914174,0.9764945679382478
803,1776942506.6070516,0.9525884042377941,0.9525884042377941,0.9670122487858066
804,1776942507.1073925,0.9061381061545587,0.9061381061545587,0.9482398700167183
805,1776942507.607584,0.8813178436501352,0.8813178436501352,0.9332882013092139
806,1776942508.1073406,0.9596294093720673,0.9596294093720673,0.9296654704611946
807,1776942508.607629,1.0067915805275112,1.0,0.939934752682911
808,1776942509.1075816,1.021973635051219,1.0,0.9494170718353523
809,1776942509.6072714,1.0183348052696084,1.0,0.9681894506044404
810,1776942510.1093237,1.032488938745022,1.0,0.9919258818744134
811,1776942510.607439,1.0716633021812096,1.0,1.0
812,1776942511.107632,1.0567432711750437,1.0,1.0
813,1776942511.6073313,1.0271689642924933,1.0,1.0
814,1776942512.107142,1.0171107722002968,1.0,1.0
815,1776942512.6082504,0.9854335068131674,0.9854335068131674,0.9970867013626336
816,1776942513.1075969,1.0162426611372193,1.0,0.9970867013626336
817,1776942513.6072583,0.991668953557661,0.991668953557661,0.9954204920741656
818,1776942514.1073475,0.9692197832128744,0.9692197832128744,0.9892644487167406
819,1776942514.6074398,0.9849540674581444,0.9849540674581444,0.9862552622083693
820,1776942515.1082637,1.0343344995623047,1.0,0.989168560845736
821,1776942515.608357,1.0522156785930767,1.0,0.989168560845736
822,1776942516.1087537,1.1086132407203935,1.0,0.9908347701342037
823,1776942516.6082902,1.1101419938739516,1.0,0.9969908134916288
824,1776942517.1091876,1.1284697334386722,1.0,1.0
825,1776942517.6079986,1.1400227973453647,1.0,1.0
826,1776942518.1086783,1.0791173609033171,1.0,1.0
827,1776942518.6083748,1.0755131634885313,1.0,1.0
828,1776942519.1074634,1.0669039144996355,1.0,1.0
829,1776942519.6073627,0.9965176065975294,0.9965176065975294,0.9993035213195058
830,1776942520.1073036,1.0091699892793478,1.0,0.9993035213195058
831,1776942520.607213,1.0343208765415455,1.0,0.9993035213195058
832,1776942521.1077244,1.0084790292271937,1.0,0.9993035213195058
833,1776942521.6073525,1.032331794167388,1.0,0.9993035213195058
834,1776942522.1073465,1.0567509498101546,1.0,1.0
835,1776942522.6071966,1.0433865023410567,1.0,1.0
836,1776942523.107192,1.1095723243194253,1.0,1.0
837,1776942523.6083465,1.0850643323416804,1.0,1.0
838,1776942524.1070971,1.0851426530520232,1.0,1.0
839,1776942524.6070344,0.9372895479172628,0.9372895479172628,0.9874579095834525
840,1776942525.1075253,0.9758718309224672,0.9758718309224672,0.982632275767946
841,1776942525.607397,0.9253243651268084,0.9253243651268084,0.9676971487933077
842,1776942526.1081429,0.9098531452677909,0.9098531452677909,0.9496677778468658
843,1776942526.6082559,0.8719586887344692,0.8719586887344692,0.9240595155937598
844,1776942527.1081774,0.8459254384095674,0.8459254384095674,0.9057866936922206
845,1776942527.608258,0.8715855457447998,0.8715855457447998,0.8849294366566871
846,1776942528.1071784,1.052226686400515,1.0,0.8998645636313254
847,1776942528.6082132,1.037446372513499,1.0,0.9178939345777672
848,1776942529.107074,1.0715192848975854,1.0,0.9435021968308736
849,1776942529.607375,1.042456743518878,1.0,0.97431710914896
850,1776942530.1071422,1.0683253147700122,1.0,1.0
851,1776942530.6072905,1.024340615278192,1.0,1.0
852,1776942531.1092038,1.017441555455259,1.0,1.0
853,1776942531.6072414,0.9655970095151465,0.9655970095151465,0.9931194019030294
854,1776942532.107408,0.936624871481611,0.936624871481611,0.9804443761993514
855,1776942532.6071725,0.9304198261793435,0.9304198261793435,0.9665283414352203
856,1776942533.1074257,0.9654901209774395,0.9654901209774395,0.959626365630708
857,1776942533.6072092,0.919140990009772,0.919140990009772,0.9434545636326626
858,1776942534.1073942,0.9565198393076169,0.9565198393076169,0.9416391295911566
859,1776942534.607506,0.9311615085374496,0.9311615085374496,0.9405464570023243
860,1776942535.1071947,0.9844012932105941,0.9844012932105941,0.9513427504085744
861,1776942535.6072173,0.9784781276260383,0.9784781276260383,0.9539403517382942
862,1776942536.1072478,0.9919425959918513,0.9919425959918513,0.9685006729347101
863,1776942536.6073172,1.0087645766995066,1.0,0.9771967050731867
864,1776942537.1074274,1.0239555386707,1.0,0.9909644033656967
865,1776942537.6082287,1.0112295436780903,1.0,0.994084144723578
866,1776942538.1071947,0.9924878071803354,0.9924878071803354,0.9968860806344374
867,1776942538.607553,1.0013213090802144,1.0,0.9984975614360672
868,1776942539.107334,0.9930812670213736,0.9930812670213736,0.9971138148403419
869,1776942539.6071763,0.9983065934282225,0.9983065934282225,0.9967751335259862
870,1776942540.1074991,0.9535919546186195,0.9535919546186195,0.9874935244497101
871,1776942540.607362,0.9462097993287371,0.9462097993287371,0.9782379228793905
872,1776942541.1070063,0.9467425690553415,0.9467425690553415,0.9675864366904587
873,1776942541.6074862,0.9654704622965081,0.9654704622965081,0.9620642757454858
874,1776942542.1071682,0.9468337938149449,0.9468337938149449,0.9517697158228302
875,1776942542.608212,0.932771754320498,0.932771754320498,0.947605675763206
876,1776942543.1073112,0.9377768316919672,0.9377768316919672,0.9459190822358519
877,1776942543.6086957,0.9499869878266212,0.9499869878266212,0.946567965990108
878,1776942544.1075768,0.9777924201118604,0.9777924201118604,0.9490323575531783
879,1776942544.607265,0.998768308492465,0.998768308492465,0.9594192604886823
880,1776942545.1091032,1.041123235832746,1.0,0.9728649096245828
881,1776942545.6074927,1.0120956551661833,1.0,0.9853095432861894
882,1776942546.1073344,1.0493810272765194,1.0,0.9953121457208651
883,1776942546.607072,1.0357633450154293,1.0,0.9997536616984931
884,1776942547.107148,1.031375216178212,1.0,1.0
